,Unnamed: 0,Date,Time,Condition,last Condition
0,0,2022-11-01,8:00 PM,fair,Fair
1,1,2022-11-01,9:30 PM,fair,Fair
2,2,2022-11-01,12:30 AM,fair,Fair
3,3,2022-11-01,2:30 AM,light rain,Light Rain Shower
4,4,2022-11-01,3:00 AM,cloudy,Cloudy
5,5,2022-11-01,3:30 AM,mostly cloudy,Mostly Cloudy
6,6,2022-11-01,3:30 AM,partly cloudy,Partly Cloudy
7,7,2022-11-01,4:00 AM,fair,Fair
8,8,2022-11-01,4:30 AM,fair,Fair
9,9,2022-11-01,5:00 AM,fair,Fair
10,10,2022-11-01,5:30 AM,fair,Fair
11,11,2022-11-01,6:00 AM,fair,Fair
12,12,2022-11-01,6:30 AM,fair,Fair
13,13,2022-11-01,7:00 AM,fair,Fair
14,14,2022-11-01,7:30 AM,fair,Fair
15,15,2022-11-01,8:00 AM,fair,Fair
16,16,2022-11-01,8:30 AM,fair,Fair
17,17,2022-11-01,9:00 AM,fair,Fair
18,18,2022-11-01,9:30 AM,fair,Fair
19,19,2022-11-01,10:00 AM,fair,Fair
20,20,2022-11-01,10:30 AM,partly cloudy,Partly Cloudy
21,21,2022-11-01,11:00 AM,partly cloudy,Partly Cloudy
22,22,2022-11-01,11:30 AM,partly cloudy,Partly Cloudy
23,23,2022-11-01,12:00 PM,light rain,Light Rain Shower
24,24,2022-11-01,12:30 PM,partly cloudy,Partly Cloudy
25,25,2022-11-01,1:00 PM,partly cloudy,Partly Cloudy / Windy
26,26,2022-11-01,1:30 PM,mostly cloudy,Mostly Cloudy / Windy
27,27,2022-11-01,2:00 PM,light rain,Light Rain Shower / Windy
28,28,2022-11-01,2:30 PM,mostly cloudy,Mostly Cloudy
29,29,2022-11-01,3:00 PM,mostly cloudy,Mostly Cloudy
30,30,2022-11-01,3:30 PM,mostly cloudy,Mostly Cloudy
31,31,2022-11-01,4:00 PM,mostly cloudy,Mostly Cloudy
32,32,2022-11-01,4:30 PM,mostly cloudy,Mostly Cloudy
33,33,2022-11-01,5:00 PM,mostly cloudy,Mostly Cloudy
34,34,2022-11-01,5:30 PM,partly cloudy,Partly Cloudy
35,35,2022-11-01,6:00 PM,mostly cloudy,Mostly Cloudy
36,36,2022-11-01,6:30 PM,mostly cloudy,Mostly Cloudy
37,37,2022-11-01,7:00 PM,mostly cloudy,Mostly Cloudy
38,38,2022-11-01,7:30 PM,light rain,Light Rain
39,39,2022-11-02,8:00 PM,light rain,Light Rain
40,40,2022-11-02,8:30 PM,light rain,Light Rain Shower / Windy
41,41,2022-11-02,9:30 PM,mostly cloudy,Mostly Cloudy
42,42,2022-11-02,10:00 PM,mostly cloudy,Mostly Cloudy
43,43,2022-11-02,10:30 PM,light rain,Light Rain
44,44,2022-11-02,11:00 PM,light rain,Light Rain
45,45,2022-11-02,12:30 AM,mostly cloudy,Mostly Cloudy
46,46,2022-11-02,1:00 AM,mostly cloudy,Mostly Cloudy
47,47,2022-11-02,1:30 AM,mostly cloudy,Mostly Cloudy
48,48,2022-11-02,2:00 AM,mostly cloudy,Mostly Cloudy
49,49,2022-11-02,2:30 AM,mostly cloudy,Mostly Cloudy
50,50,2022-11-02,3:00 AM,mostly cloudy,Mostly Cloudy
51,51,2022-11-02,3:30 AM,mostly cloudy,Mostly Cloudy
52,52,2022-11-02,4:00 AM,mostly cloudy,Mostly Cloudy
53,53,2022-11-02,3:30 AM,mostly cloudy,Mostly Cloudy
54,54,2022-11-02,4:00 AM,mostly cloudy,Mostly Cloudy
55,55,2022-11-02,4:30 AM,mostly cloudy,Mostly Cloudy
56,56,2022-11-02,5:00 AM,mostly cloudy,Mostly Cloudy
57,57,2022-11-02,5:30 AM,mostly cloudy,Mostly Cloudy
58,58,2022-11-02,6:00 AM,mostly cloudy,Mostly Cloudy
59,59,2022-11-02,6:30 AM,mostly cloudy,Mostly Cloudy
60,60,2022-11-02,7:00 AM,cloudy,Cloudy
61,61,2022-11-02,7:30 AM,cloudy,Cloudy
62,62,2022-11-02,8:00 AM,light rain,Light Drizzle
63,63,2022-11-02,8:30 AM,mostly cloudy,Mostly Cloudy
64,64,2022-11-02,9:00 AM,light rain,Light Drizzle
65,65,2022-11-02,9:30 AM,mostly cloudy,Mostly Cloudy
66,66,2022-11-02,10:00 AM,cloudy,Cloudy
67,67,2022-11-02,10:30 AM,cloudy,Cloudy
68,68,2022-11-02,11:00 AM,cloudy,Cloudy
69,69,2022-11-02,11:30 AM,cloudy,Cloudy
70,70,2022-11-02,12:00 PM,cloudy,Cloudy
71,71,2022-11-02,12:30 PM,cloudy,Cloudy
72,72,2022-11-02,1:00 PM,cloudy,Cloudy
73,73,2022-11-02,1:30 PM,cloudy,Cloudy
74,74,2022-11-02,2:00 PM,mostly cloudy,Mostly Cloudy
75,75,2022-11-02,2:30 PM,mostly cloudy,Mostly Cloudy
76,76,2022-11-02,3:00 PM,cloudy,Cloudy
77,77,2022-11-02,3:30 PM,cloudy,Cloudy
78,78,2022-11-02,4:00 PM,cloudy,Cloudy
79,79,2022-11-02,4:30 PM,cloudy,Cloudy
80,80,2022-11-02,5:00 PM,cloudy,Cloudy
81,81,2022-11-02,5:30 PM,cloudy,Cloudy
82,82,2022-11-02,6:00 PM,light rain,Light Drizzle
83,83,2022-11-02,6:30 PM,light rain,Light Drizzle
84,84,2022-11-02,6:35 PM,light rain,Light Rain
85,85,2022-11-02,7:00 PM,light rain,Light Rain
86,86,2022-11-02,7:30 PM,light rain,Light Rain
87,87,2022-11-03,8:00 PM,cloudy,Cloudy
88,88,2022-11-03,8:30 PM,cloudy,Cloudy
89,89,2022-11-03,9:00 PM,cloudy,Cloudy
90,90,2022-11-03,9:30 PM,cloudy,Cloudy
91,91,2022-11-03,10:00 PM,cloudy,Cloudy
92,92,2022-11-03,10:30 PM,cloudy,Cloudy
93,93,2022-11-03,10:50 PM,light rain,Light Rain
94,94,2022-11-03,11:00 PM,light rain,Light Rain
95,95,2022-11-03,11:20 PM,light rain,Light Rain
96,96,2022-11-03,12:30 AM,light rain,Light Rain
97,97,2022-11-03,12:50 AM,light rain,Light Drizzle
98,98,2022-11-03,1:00 AM,light rain,Light Drizzle
99,99,2022-11-03,1:20 AM,light rain,Light Drizzle
100,100,2022-11-03,1:30 AM,light rain,Light Drizzle
101,101,2022-11-03,1:50 AM,rain,Rain
102,102,2022-11-03,2:00 AM,rain,Rain
103,103,2022-11-03,2:20 AM,light rain,Light Rain
104,104,2022-11-03,2:30 AM,light rain,Light Rain
105,105,2022-11-03,2:50 AM,rain,Rain
106,106,2022-11-03,3:00 AM,rain,Rain
107,107,2022-11-03,3:20 AM,light rain,Light Rain
108,108,2022-11-03,3:30 AM,light rain,Light Rain
109,109,2022-11-03,3:50 AM,light rain,Light Rain
110,110,2022-11-03,4:00 AM,light rain,Light Rain
111,111,2022-11-03,4:20 AM,light rain,Light Rain
112,112,2022-11-03,3:30 AM,light rain,Light Rain
113,113,2022-11-03,4:00 AM,light rain,Light Rain
114,114,2022-11-03,4:30 AM,light rain,Light Rain
115,115,2022-11-03,5:00 AM,light rain,Light Rain
116,116,2022-11-03,5:30 AM,light rain,Light Rain
117,117,2022-11-03,6:00 AM,foggy,Fog
118,118,2022-11-03,6:30 AM,foggy,Fog
119,119,2022-11-03,7:00 AM,foggy,Fog
120,120,2022-11-03,7:30 AM,foggy,Fog
121,121,2022-11-03,8:00 AM,foggy,Fog
122,122,2022-11-03,8:30 AM,foggy,Fog
123,123,2022-11-03,9:00 AM,foggy,Fog
124,124,2022-11-03,9:30 AM,cloudy,Cloudy
125,125,2022-11-03,10:00 AM,cloudy,Cloudy
126,126,2022-11-03,10:30 AM,cloudy,Cloudy
127,127,2022-11-03,11:00 AM,mostly cloudy,Mostly Cloudy
128,128,2022-11-03,11:30 AM,mostly cloudy,Mostly Cloudy
129,129,2022-11-03,12:00 PM,mostly cloudy,Mostly Cloudy
130,130,2022-11-03,12:30 PM,mostly cloudy,Mostly Cloudy
131,131,2022-11-03,1:00 PM,mostly cloudy,Mostly Cloudy
132,132,2022-11-03,1:30 PM,mostly cloudy,Mostly Cloudy
133,133,2022-11-03,2:00 PM,mostly cloudy,Mostly Cloudy
134,134,2022-11-03,2:30 PM,mostly cloudy,Mostly Cloudy
135,135,2022-11-03,3:00 PM,cloudy,Cloudy
136,136,2022-11-03,3:30 PM,cloudy,Cloudy
137,137,2022-11-03,4:00 PM,cloudy,Cloudy
138,138,2022-11-03,4:30 PM,mostly cloudy,Mostly Cloudy
139,139,2022-11-03,5:00 PM,cloudy,Cloudy
140,140,2022-11-03,5:30 PM,light rain,Light Rain
141,141,2022-11-03,6:00 PM,light rain,Light Rain
142,142,2022-11-03,6:30 PM,mostly cloudy,Mostly Cloudy
143,143,2022-11-03,7:00 PM,light rain,Light Rain
144,144,2022-11-03,7:30 PM,mostly cloudy,Mostly Cloudy
145,145,2022-11-04,8:00 PM,mostly cloudy,Mostly Cloudy
146,146,2022-11-04,8:30 PM,mostly cloudy,Mostly Cloudy
147,147,2022-11-04,9:00 PM,mostly cloudy,Mostly Cloudy
148,148,2022-11-04,9:30 PM,partly cloudy,Partly Cloudy
149,149,2022-11-04,10:00 PM,partly cloudy,Partly Cloudy
150,150,2022-11-04,10:30 PM,partly cloudy,Partly Cloudy
151,151,2022-11-04,11:00 PM,partly cloudy,Partly Cloudy
152,152,2022-11-04,12:30 AM,partly cloudy,Partly Cloudy
153,153,2022-11-04,1:00 AM,mostly cloudy,Mostly Cloudy
154,154,2022-11-04,1:30 AM,mostly cloudy,Mostly Cloudy
155,155,2022-11-04,2:00 AM,mostly cloudy,Mostly Cloudy
156,156,2022-11-04,2:30 AM,partly cloudy,Partly Cloudy
157,157,2022-11-04,3:00 AM,mostly cloudy,Mostly Cloudy
158,158,2022-11-04,3:30 AM,mostly cloudy,Mostly Cloudy
159,159,2022-11-04,4:00 AM,mostly cloudy,Mostly Cloudy
160,160,2022-11-04,3:30 AM,partly cloudy,Partly Cloudy
161,161,2022-11-04,4:00 AM,mostly cloudy,Mostly Cloudy
162,162,2022-11-04,4:30 AM,mostly cloudy,Mostly Cloudy
163,163,2022-11-04,5:00 AM,mostly cloudy,Mostly Cloudy
164,164,2022-11-04,5:30 AM,mostly cloudy,Mostly Cloudy
165,165,2022-11-04,5:55 AM,partly cloudy,Partly Cloudy
166,166,2022-11-04,6:00 AM,partly cloudy,Partly Cloudy
167,167,2022-11-04,6:30 AM,fair,Fair
168,168,2022-11-04,6:55 AM,fair,Fair
169,169,2022-11-04,7:00 AM,fair,Fair
170,170,2022-11-04,7:30 AM,partly cloudy,Partly Cloudy
171,171,2022-11-04,7:50 AM,partly cloudy,Partly Cloudy
172,172,2022-11-04,8:00 AM,partly cloudy,Partly Cloudy
173,173,2022-11-04,8:30 AM,partly cloudy,Partly Cloudy
174,174,2022-11-04,9:00 AM,mostly cloudy,Mostly Cloudy
175,175,2022-11-04,9:20 AM,mostly cloudy,Mostly Cloudy
176,176,2022-11-04,9:30 AM,mostly cloudy,Mostly Cloudy
177,177,2022-11-04,10:00 AM,rain,Rain Shower
178,178,2022-11-04,10:30 AM,mostly cloudy,Mostly Cloudy
179,179,2022-11-04,11:00 AM,mostly cloudy,Mostly Cloudy
180,180,2022-11-04,11:30 AM,mostly cloudy,Mostly Cloudy
181,181,2022-11-04,12:00 PM,mostly cloudy,Mostly Cloudy
182,182,2022-11-04,12:30 PM,foggy,Fog
183,183,2022-11-04,1:00 PM,mostly cloudy,Mostly Cloudy
184,184,2022-11-04,1:30 PM,light rain,Light Rain Shower
185,185,2022-11-04,2:00 PM,mostly cloudy,Mostly Cloudy
186,186,2022-11-04,2:30 PM,fair,Fair
187,187,2022-11-04,3:00 PM,fair,Fair
188,188,2022-11-04,3:30 PM,fair,Fair
189,189,2022-11-04,4:00 PM,partly cloudy,Partly Cloudy
190,190,2022-11-04,4:30 PM,fair,Fair
191,191,2022-11-04,5:00 PM,fair,Fair
192,192,2022-11-04,5:30 PM,mostly cloudy,Mostly Cloudy
193,193,2022-11-04,6:00 PM,partly cloudy,Partly Cloudy
194,194,2022-11-04,6:30 PM,partly cloudy,Partly Cloudy
195,195,2022-11-04,7:00 PM,mostly cloudy,Mostly Cloudy
196,196,2022-11-04,7:30 PM,mostly cloudy,Mostly Cloudy
197,197,2022-11-05,8:00 PM,cloudy,Cloudy
198,198,2022-11-05,8:30 PM,cloudy,Cloudy
199,199,2022-11-05,9:00 PM,cloudy,Cloudy
200,200,2022-11-05,9:30 PM,cloudy,Cloudy
201,201,2022-11-05,10:00 PM,cloudy,Cloudy
202,202,2022-11-05,10:30 PM,cloudy,Cloudy
203,203,2022-11-05,10:50 PM,foggy,Fog
204,204,2022-11-05,11:00 PM,foggy,Fog
205,205,2022-11-05,11:20 PM,foggy,Fog
206,206,2022-11-05,12:30 AM,foggy,Fog
207,207,2022-11-05,12:50 AM,foggy,Fog
208,208,2022-11-05,1:00 AM,foggy,Fog
209,209,2022-11-05,1:20 AM,foggy,Fog
210,210,2022-11-05,1:30 AM,foggy,Fog
211,211,2022-11-05,1:50 AM,foggy,Fog
212,212,2022-11-05,2:00 AM,foggy,Fog
213,213,2022-11-05,2:20 AM,foggy,Fog
214,214,2022-11-05,2:30 AM,foggy,Fog
215,215,2022-11-05,2:50 AM,foggy,Fog
216,216,2022-11-05,3:00 AM,foggy,Fog
217,217,2022-11-05,3:20 AM,foggy,Fog
218,218,2022-11-05,3:30 AM,foggy,Fog
219,219,2022-11-05,3:50 AM,foggy,Fog
220,220,2022-11-05,4:00 AM,foggy,Fog
221,221,2022-11-05,4:20 AM,foggy,Fog
222,222,2022-11-05,3:30 AM,foggy,Fog
223,223,2022-11-05,4:00 AM,foggy,Fog
224,224,2022-11-05,4:30 AM,foggy,Fog
225,225,2022-11-05,5:00 AM,mostly cloudy,Mostly Cloudy
226,226,2022-11-05,5:30 AM,foggy,Haze
227,227,2022-11-05,6:00 AM,foggy,Haze
228,228,2022-11-05,6:30 AM,foggy,Haze
229,229,2022-11-05,7:00 AM,fair,Fair
230,230,2022-11-05,7:30 AM,fair,Fair
231,231,2022-11-05,8:00 AM,fair,Fair
232,232,2022-11-05,8:30 AM,partly cloudy,Partly Cloudy
233,233,2022-11-05,9:00 AM,partly cloudy,Partly Cloudy
234,234,2022-11-05,9:30 AM,partly cloudy,Partly Cloudy
235,235,2022-11-05,10:00 AM,fair,Fair
236,236,2022-11-05,10:30 AM,fair,Fair
237,237,2022-11-05,11:00 AM,fair,Fair
238,238,2022-11-05,11:30 AM,fair,Fair
239,239,2022-11-05,12:00 PM,fair,Fair
240,240,2022-11-05,12:30 PM,fair,Fair
241,241,2022-11-05,1:00 PM,fair,Fair
242,242,2022-11-05,1:30 PM,fair,Fair
243,243,2022-11-05,2:00 PM,fair,Fair
244,244,2022-11-05,2:30 PM,mostly cloudy,Mostly Cloudy
245,245,2022-11-05,3:00 PM,mostly cloudy,Mostly Cloudy
246,246,2022-11-05,3:30 PM,mostly cloudy,Mostly Cloudy
247,247,2022-11-05,4:00 PM,mostly cloudy,Mostly Cloudy
248,248,2022-11-05,4:30 PM,mostly cloudy,Mostly Cloudy
249,249,2022-11-05,5:00 PM,partly cloudy,Partly Cloudy
250,250,2022-11-05,5:30 PM,mostly cloudy,Mostly Cloudy
251,251,2022-11-05,6:00 PM,partly cloudy,Partly Cloudy
252,252,2022-11-05,6:30 PM,fair,Fair
253,253,2022-11-05,7:00 PM,fair,Fair
254,254,2022-11-05,7:30 PM,fair,Fair
255,255,2022-11-06,8:00 PM,fair,Fair
256,256,2022-11-06,8:30 PM,fair,Fair
257,257,2022-11-06,9:00 PM,fair,Fair
258,258,2022-11-06,9:30 PM,fair,Fair
259,259,2022-11-06,10:00 PM,fair,Fair
260,260,2022-11-06,10:30 PM,fair,Fair
261,261,2022-11-06,11:00 PM,fair,Fair
262,262,2022-11-06,12:30 AM,fair,Fair
263,263,2022-11-06,1:00 AM,fair,Fair
264,264,2022-11-06,1:30 AM,fair,Fair
265,265,2022-11-06,2:00 AM,fair,Fair
266,266,2022-11-06,2:30 AM,fair,Fair
267,267,2022-11-06,3:30 AM,fair,Fair
268,268,2022-11-06,4:00 AM,fair,Fair
269,269,2022-11-06,3:30 AM,fair,Fair
270,270,2022-11-06,4:00 AM,fair,Fair
271,271,2022-11-06,4:30 AM,fair,Fair
272,272,2022-11-06,5:00 AM,fair,Fair
273,273,2022-11-06,5:30 AM,fair,Fair
274,274,2022-11-06,6:00 AM,fair,Fair
275,275,2022-11-06,6:30 AM,fair,Fair
276,276,2022-11-06,7:00 AM,fair,Fair
277,277,2022-11-06,7:30 AM,partly cloudy,Partly Cloudy
278,278,2022-11-06,8:00 AM,partly cloudy,Partly Cloudy
279,279,2022-11-06,8:30 AM,mostly cloudy,Mostly Cloudy
280,280,2022-11-06,9:00 AM,mostly cloudy,Mostly Cloudy
281,281,2022-11-06,9:30 AM,partly cloudy,Partly Cloudy
282,282,2022-11-06,9:50 AM,partly cloudy,Partly Cloudy
283,283,2022-11-06,10:00 AM,partly cloudy,Partly Cloudy
284,284,2022-11-06,10:20 AM,partly cloudy,Partly Cloudy
285,285,2022-11-06,10:30 AM,partly cloudy,Partly Cloudy
286,286,2022-11-06,10:50 AM,partly cloudy,Partly Cloudy
287,287,2022-11-06,11:00 AM,partly cloudy,Partly Cloudy
288,288,2022-11-06,11:20 AM,partly cloudy,Partly Cloudy
289,289,2022-11-06,11:30 AM,partly cloudy,Partly Cloudy
290,290,2022-11-06,11:50 AM,partly cloudy,Partly Cloudy
291,291,2022-11-06,12:00 PM,partly cloudy,Partly Cloudy
292,292,2022-11-06,12:20 PM,partly cloudy,Partly Cloudy
293,293,2022-11-06,12:30 PM,partly cloudy,Partly Cloudy
294,294,2022-11-06,12:50 PM,fair,Fair
295,295,2022-11-06,1:00 PM,fair,Fair
296,296,2022-11-06,1:20 PM,fair,Fair
297,297,2022-11-06,1:30 PM,fair,Fair
298,298,2022-11-06,1:50 PM,partly cloudy,Partly Cloudy
299,299,2022-11-06,2:00 PM,partly cloudy,Partly Cloudy
300,300,2022-11-06,2:20 PM,partly cloudy,Partly Cloudy
301,301,2022-11-06,2:30 PM,partly cloudy,Partly Cloudy
302,302,2022-11-06,2:50 PM,partly cloudy,Partly Cloudy
303,303,2022-11-06,3:00 PM,partly cloudy,Partly Cloudy
304,304,2022-11-06,3:20 PM,partly cloudy,Partly Cloudy
305,305,2022-11-06,3:30 PM,partly cloudy,Partly Cloudy
306,306,2022-11-06,4:00 PM,mostly cloudy,Mostly Cloudy
307,307,2022-11-06,4:30 PM,mostly cloudy,Mostly Cloudy
308,308,2022-11-06,4:50 PM,mostly cloudy,Mostly Cloudy
309,309,2022-11-06,5:00 PM,mostly cloudy,Mostly Cloudy
310,310,2022-11-06,5:30 PM,mostly cloudy,Mostly Cloudy
311,311,2022-11-06,5:55 PM,partly cloudy,Partly Cloudy
312,312,2022-11-06,6:00 PM,partly cloudy,Partly Cloudy
313,313,2022-11-06,6:30 PM,fair,Fair
314,314,2022-11-06,6:50 PM,fair,Fair
315,315,2022-11-06,7:00 PM,fair,Fair
316,316,2022-11-06,7:30 PM,fair,Fair
317,317,2022-11-07,8:00 PM,fair,Fair
318,318,2022-11-07,8:30 PM,fair,Fair
319,319,2022-11-07,8:55 PM,windy,Fair / Windy
320,320,2022-11-07,9:00 PM,windy,Fair / Windy
321,321,2022-11-07,9:30 PM,mostly cloudy,Mostly Cloudy
322,322,2022-11-07,10:00 PM,mostly cloudy,Mostly Cloudy
323,323,2022-11-07,10:30 PM,mostly cloudy,Mostly Cloudy / Windy
324,324,2022-11-07,11:00 PM,mostly cloudy,Mostly Cloudy / Windy
325,325,2022-11-07,12:30 AM,mostly cloudy,Mostly Cloudy
326,326,2022-11-07,1:00 AM,mostly cloudy,Mostly Cloudy
327,327,2022-11-07,1:30 AM,mostly cloudy,Mostly Cloudy
328,328,2022-11-07,2:00 AM,mostly cloudy,Mostly Cloudy
329,329,2022-11-07,2:30 AM,mostly cloudy,Mostly Cloudy
330,330,2022-11-07,3:00 AM,light rain,Light Drizzle
331,331,2022-11-07,3:30 AM,cloudy,Cloudy
332,332,2022-11-07,4:00 AM,light rain,Light Rain Shower
333,333,2022-11-07,3:30 AM,mostly cloudy,Mostly Cloudy
334,334,2022-11-07,4:00 AM,cloudy,Cloudy
335,335,2022-11-07,4:30 AM,cloudy,Cloudy
336,336,2022-11-07,5:00 AM,cloudy,Cloudy
337,337,2022-11-07,5:30 AM,mostly cloudy,Mostly Cloudy
338,338,2022-11-07,6:00 AM,cloudy,Cloudy
339,339,2022-11-07,6:30 AM,cloudy,Cloudy
340,340,2022-11-07,7:00 AM,cloudy,Cloudy
341,341,2022-11-07,7:30 AM,cloudy,Cloudy
342,342,2022-11-07,8:00 AM,light rain,Light Rain
343,343,2022-11-07,8:30 AM,light rain,Light Drizzle
344,344,2022-11-07,9:00 AM,light rain,Light Drizzle
345,345,2022-11-07,9:30 AM,light rain,Light Drizzle
346,346,2022-11-07,10:00 AM,cloudy,Cloudy
347,347,2022-11-07,10:30 AM,light rain,Light Rain Shower
348,348,2022-11-07,11:00 AM,mostly cloudy,Mostly Cloudy
349,349,2022-11-07,11:30 AM,mostly cloudy,Mostly Cloudy
350,350,2022-11-07,12:00 PM,mostly cloudy,Mostly Cloudy
351,351,2022-11-07,12:30 PM,mostly cloudy,Mostly Cloudy
352,352,2022-11-07,1:00 PM,mostly cloudy,Mostly Cloudy
353,353,2022-11-07,1:30 PM,mostly cloudy,Mostly Cloudy
354,354,2022-11-07,2:30 PM,cloudy,Cloudy
355,355,2022-11-07,3:00 PM,cloudy,Cloudy
356,356,2022-11-07,3:30 PM,cloudy,Cloudy
357,357,2022-11-07,4:00 PM,cloudy,Cloudy
358,358,2022-11-07,4:30 PM,light rain,Light Rain
359,359,2022-11-07,5:00 PM,cloudy,Cloudy
360,360,2022-11-07,5:30 PM,cloudy,Cloudy
361,361,2022-11-07,6:00 PM,cloudy,Cloudy
362,362,2022-11-07,6:30 PM,cloudy,Cloudy
363,363,2022-11-07,7:00 PM,cloudy,Cloudy
364,364,2022-11-07,7:30 PM,mostly cloudy,Mostly Cloudy
365,365,2022-11-08,8:00 PM,mostly cloudy,Mostly Cloudy
366,366,2022-11-08,8:30 PM,partly cloudy,Partly Cloudy
367,367,2022-11-08,9:00 PM,mostly cloudy,Mostly Cloudy
368,368,2022-11-08,9:30 PM,mostly cloudy,Mostly Cloudy
369,369,2022-11-08,10:00 PM,mostly cloudy,Mostly Cloudy
370,370,2022-11-08,10:30 PM,mostly cloudy,Mostly Cloudy
371,371,2022-11-08,11:00 PM,mostly cloudy,Mostly Cloudy
372,372,2022-11-08,12:30 AM,cloudy,Cloudy
373,373,2022-11-08,1:00 AM,cloudy,Cloudy
374,374,2022-11-08,1:30 AM,foggy,Fog
375,375,2022-11-08,1:39 AM,light rain,Light Drizzle
376,376,2022-11-08,2:00 AM,light rain,Light Drizzle
377,377,2022-11-08,2:30 AM,light rain,Light Drizzle
378,378,2022-11-08,3:00 AM,mostly cloudy,Mostly Cloudy
379,379,2022-11-08,3:30 AM,mostly cloudy,Mostly Cloudy
380,380,2022-11-08,4:00 AM,mostly cloudy,Mostly Cloudy
381,381,2022-11-08,3:30 AM,mostly cloudy,Mostly Cloudy
382,382,2022-11-08,4:00 AM,mostly cloudy,Mostly Cloudy
383,383,2022-11-08,4:30 AM,cloudy,Cloudy
384,384,2022-11-08,5:00 AM,cloudy,Cloudy
385,385,2022-11-08,5:30 AM,cloudy,Cloudy
386,386,2022-11-08,6:00 AM,cloudy,Cloudy
387,387,2022-11-08,6:30 AM,cloudy,Cloudy
388,388,2022-11-08,7:00 AM,mostly cloudy,Mostly Cloudy
389,389,2022-11-08,7:30 AM,cloudy,Cloudy
390,390,2022-11-08,8:00 AM,cloudy,Cloudy
391,391,2022-11-08,8:30 AM,mostly cloudy,Mostly Cloudy
392,392,2022-11-08,9:00 AM,mostly cloudy,Mostly Cloudy
393,393,2022-11-08,9:30 AM,mostly cloudy,Mostly Cloudy
394,394,2022-11-08,9:50 AM,mostly cloudy,Mostly Cloudy
395,395,2022-11-08,10:00 AM,mostly cloudy,Mostly Cloudy
396,396,2022-11-08,10:30 AM,mostly cloudy,Mostly Cloudy
397,397,2022-11-08,10:55 AM,mostly cloudy,Mostly Cloudy
398,398,2022-11-08,11:00 AM,mostly cloudy,Mostly Cloudy
399,399,2022-11-08,11:30 AM,mostly cloudy,Mostly Cloudy
400,400,2022-11-08,12:00 PM,mostly cloudy,Mostly Cloudy
401,401,2022-11-08,12:30 PM,mostly cloudy,Mostly Cloudy
402,402,2022-11-08,1:00 PM,mostly cloudy,Mostly Cloudy
403,403,2022-11-08,1:30 PM,partly cloudy,Partly Cloudy
404,404,2022-11-08,2:00 PM,partly cloudy,Partly Cloudy
405,405,2022-11-08,2:30 PM,partly cloudy,Partly Cloudy
406,406,2022-11-08,2:55 PM,fair,Fair
407,407,2022-11-08,3:00 PM,fair,Fair
408,408,2022-11-08,3:30 PM,mostly cloudy,Mostly Cloudy
409,409,2022-11-08,3:55 PM,cloudy,Cloudy
410,410,2022-11-08,4:00 PM,cloudy,Cloudy
411,411,2022-11-08,4:20 PM,cloudy,Cloudy
412,412,2022-11-08,4:30 PM,cloudy,Cloudy
413,413,2022-11-08,4:50 PM,mostly cloudy,Mostly Cloudy
414,414,2022-11-08,5:00 PM,mostly cloudy,Mostly Cloudy
415,415,2022-11-08,5:20 PM,cloudy,Cloudy
416,416,2022-11-08,5:30 PM,cloudy,Cloudy
417,417,2022-11-08,5:50 PM,cloudy,Cloudy
418,418,2022-11-08,6:00 PM,cloudy,Cloudy
419,419,2022-11-08,6:20 PM,cloudy,Cloudy
420,420,2022-11-08,6:30 PM,cloudy,Cloudy
421,421,2022-11-08,6:50 PM,cloudy,Cloudy
422,422,2022-11-08,7:00 PM,cloudy,Cloudy
423,423,2022-11-08,7:20 PM,cloudy,Cloudy
424,424,2022-11-08,7:30 PM,cloudy,Cloudy
425,425,2022-11-08,7:50 PM,cloudy,Cloudy
426,426,2022-11-09,8:00 PM,cloudy,Cloudy
427,427,2022-11-09,8:20 PM,cloudy,Cloudy
428,428,2022-11-09,8:30 PM,cloudy,Cloudy
429,429,2022-11-09,8:50 PM,cloudy,Cloudy
430,430,2022-11-09,9:00 PM,cloudy,Cloudy
431,431,2022-11-09,9:20 PM,cloudy,Cloudy
432,432,2022-11-09,9:30 PM,cloudy,Cloudy
433,433,2022-11-09,9:50 PM,cloudy,Cloudy
434,434,2022-11-09,10:00 PM,cloudy,Cloudy
435,435,2022-11-09,10:20 PM,cloudy,Cloudy
436,436,2022-11-09,10:30 PM,cloudy,Cloudy
437,437,2022-11-09,11:00 PM,cloudy,Cloudy
438,438,2022-11-09,12:30 AM,cloudy,Cloudy
439,439,2022-11-09,1:00 AM,cloudy,Cloudy
440,440,2022-11-09,1:30 AM,mostly cloudy,Mostly Cloudy
441,441,2022-11-09,2:00 AM,fair,Fair
442,442,2022-11-09,2:30 AM,foggy,Fog
443,443,2022-11-09,3:00 AM,foggy,Fog
444,444,2022-11-09,3:30 AM,foggy,Fog
445,445,2022-11-09,4:00 AM,foggy,Fog
446,446,2022-11-09,3:30 AM,foggy,Fog
447,447,2022-11-09,4:00 AM,foggy,Haze
448,448,2022-11-09,4:30 AM,foggy,Haze
449,449,2022-11-09,5:00 AM,fair,Fair
450,450,2022-11-09,5:30 AM,fair,Fair
451,451,2022-11-09,6:00 AM,fair,Fair
452,452,2022-11-09,6:30 AM,fair,Fair
453,453,2022-11-09,7:00 AM,fair,Fair
454,454,2022-11-09,7:30 AM,fair,Fair
455,455,2022-11-09,8:00 AM,fair,Fair
456,456,2022-11-09,8:30 AM,fair,Fair
457,457,2022-11-09,9:00 AM,fair,Fair
458,458,2022-11-09,9:30 AM,fair,Fair
459,459,2022-11-09,10:00 AM,fair,Fair
460,460,2022-11-09,10:30 AM,fair,Fair
461,461,2022-11-09,11:00 AM,fair,Fair
462,462,2022-11-09,11:30 AM,fair,Fair
463,463,2022-11-09,12:00 PM,fair,Fair
464,464,2022-11-09,12:30 PM,fair,Fair
465,465,2022-11-09,1:00 PM,fair,Fair
466,466,2022-11-09,1:30 PM,fair,Fair
467,467,2022-11-09,2:00 PM,fair,Fair
468,468,2022-11-09,2:30 PM,fair,Fair
469,469,2022-11-09,3:00 PM,fair,Fair
470,470,2022-11-09,3:30 PM,fair,Fair
471,471,2022-11-09,4:00 PM,fair,Fair
472,472,2022-11-09,4:30 PM,fair,Fair
473,473,2022-11-09,4:52 PM,fair,Fair
474,474,2022-11-09,5:00 PM,fair,Fair
475,475,2022-11-09,5:30 PM,fair,Fair
476,476,2022-11-09,5:50 PM,fair,Fair
477,477,2022-11-09,6:00 PM,fair,Fair
478,478,2022-11-09,6:30 PM,fair,Fair
479,479,2022-11-09,6:55 PM,fair,Fair
480,480,2022-11-09,7:00 PM,fair,Fair
481,481,2022-11-09,7:30 PM,fair,Fair
482,482,2022-11-09,7:55 PM,fair,Fair
483,483,2022-11-10,8:00 PM,fair,Fair
484,484,2022-11-10,8:30 PM,fair,Fair
485,485,2022-11-10,8:55 PM,fair,Fair
486,486,2022-11-10,9:00 PM,fair,Fair
487,487,2022-11-10,9:30 PM,fair,Fair
488,488,2022-11-10,9:55 PM,fair,Fair
489,489,2022-11-10,10:00 PM,fair,Fair
490,490,2022-11-10,10:30 PM,fair,Fair
491,491,2022-11-10,11:00 PM,fair,Fair
492,492,2022-11-10,12:30 AM,fair,Fair
493,493,2022-11-10,1:00 AM,fair,Fair
494,494,2022-11-10,1:30 AM,fair,Fair
495,495,2022-11-10,2:00 AM,fair,Fair
496,496,2022-11-10,2:30 AM,fair,Fair
497,497,2022-11-10,3:00 AM,fair,Fair
498,498,2022-11-10,3:30 AM,fair,Fair
499,499,2022-11-10,4:00 AM,fair,Fair
500,500,2022-11-10,3:30 AM,fair,Fair
501,501,2022-11-10,4:00 AM,fair,Fair
502,502,2022-11-10,4:30 AM,fair,Fair
503,503,2022-11-10,5:00 AM,fair,Fair
504,504,2022-11-10,5:30 AM,fair,Fair
505,505,2022-11-10,6:00 AM,fair,Fair
506,506,2022-11-10,6:30 AM,fair,Fair
507,507,2022-11-10,7:00 AM,fair,Fair
508,508,2022-11-10,7:30 AM,fair,Fair
509,509,2022-11-10,8:00 AM,fair,Fair
510,510,2022-11-10,8:30 AM,fair,Fair
511,511,2022-11-10,9:00 AM,fair,Fair
512,512,2022-11-10,9:30 AM,fair,Fair
513,513,2022-11-10,10:00 AM,fair,Fair
514,514,2022-11-10,10:30 AM,fair,Fair
515,515,2022-11-10,11:00 AM,fair,Fair
516,516,2022-11-10,11:30 AM,fair,Fair
517,517,2022-11-10,12:00 PM,fair,Fair
518,518,2022-11-10,12:30 PM,fair,Fair
519,519,2022-11-10,1:00 PM,fair,Fair
520,520,2022-11-10,1:30 PM,fair,Fair
521,521,2022-11-10,2:00 PM,fair,Fair
522,522,2022-11-10,2:30 PM,fair,Fair
523,523,2022-11-10,3:00 PM,fair,Fair
524,524,2022-11-10,3:30 PM,fair,Fair
525,525,2022-11-10,4:00 PM,fair,Fair
526,526,2022-11-10,4:30 PM,fair,Fair
527,527,2022-11-10,5:00 PM,fair,Fair
528,528,2022-11-10,5:30 PM,fair,Fair
529,529,2022-11-10,6:00 PM,fair,Fair
530,530,2022-11-10,6:30 PM,fair,Fair
531,531,2022-11-10,7:00 PM,fair,Fair
532,532,2022-11-10,7:30 PM,fair,Fair
533,533,2022-11-11,8:00 PM,fair,Fair
534,534,2022-11-11,8:30 PM,fair,Fair
535,535,2022-11-11,9:00 PM,fair,Fair
536,536,2022-11-11,9:30 PM,fair,Fair
537,537,2022-11-11,10:00 PM,fair,Fair
538,538,2022-11-11,10:30 PM,fair,Fair
539,539,2022-11-11,11:00 PM,mostly cloudy,Mostly Cloudy
540,540,2022-11-11,12:30 AM,mostly cloudy,Mostly Cloudy
541,541,2022-11-11,1:00 AM,mostly cloudy,Mostly Cloudy
542,542,2022-11-11,1:30 AM,mostly cloudy,Mostly Cloudy
543,543,2022-11-11,2:00 AM,mostly cloudy,Mostly Cloudy
544,544,2022-11-11,2:30 AM,mostly cloudy,Mostly Cloudy
545,545,2022-11-11,3:00 AM,partly cloudy,Partly Cloudy
546,546,2022-11-11,3:30 AM,fair,Fair
547,547,2022-11-11,4:00 AM,fair,Fair
548,548,2022-11-11,3:30 AM,fair,Fair
549,549,2022-11-11,3:50 AM,fair,Fair
550,550,2022-11-11,4:00 AM,fair,Fair
551,551,2022-11-11,4:20 AM,fair,Fair
552,552,2022-11-11,4:30 AM,fair,Fair
553,553,2022-11-11,4:50 AM,fair,Fair
554,554,2022-11-11,5:00 AM,fair,Fair
555,555,2022-11-11,5:20 AM,fair,Fair
556,556,2022-11-11,5:30 AM,fair,Fair
557,557,2022-11-11,5:50 AM,fair,Fair
558,558,2022-11-11,6:00 AM,fair,Fair
559,559,2022-11-11,6:20 AM,fair,Fair
560,560,2022-11-11,6:30 AM,fair,Fair
561,561,2022-11-11,6:50 AM,fair,Fair
562,562,2022-11-11,7:00 AM,fair,Fair
563,563,2022-11-11,7:20 AM,fair,Fair
564,564,2022-11-11,7:30 AM,fair,Fair
565,565,2022-11-11,7:50 AM,fair,Fair
566,566,2022-11-11,8:00 AM,fair,Fair
567,567,2022-11-11,8:20 AM,fair,Fair
568,568,2022-11-11,8:30 AM,fair,Fair
569,569,2022-11-11,8:50 AM,fair,Fair
570,570,2022-11-11,9:00 AM,fair,Fair
571,571,2022-11-11,9:20 AM,fair,Fair
572,572,2022-11-11,9:30 AM,fair,Fair
573,573,2022-11-11,9:50 AM,fair,Fair
574,574,2022-11-11,10:00 AM,fair,Fair
575,575,2022-11-11,10:30 AM,fair,Fair
576,576,2022-11-11,11:00 AM,fair,Fair
577,577,2022-11-11,11:30 AM,fair,Fair
578,578,2022-11-11,12:00 PM,fair,Fair
579,579,2022-11-11,12:30 PM,fair,Fair
580,580,2022-11-11,1:30 PM,fair,Fair
581,581,2022-11-11,2:00 PM,fair,Fair
582,582,2022-11-11,2:30 PM,fair,Fair
583,583,2022-11-11,3:00 PM,fair,Fair
584,584,2022-11-11,3:30 PM,fair,Fair
585,585,2022-11-11,4:00 PM,fair,Fair
586,586,2022-11-11,4:30 PM,fair,Fair
587,587,2022-11-11,5:00 PM,fair,Fair
588,588,2022-11-11,5:30 PM,fair,Fair
589,589,2022-11-11,6:00 PM,fair,Fair
590,590,2022-11-11,6:30 PM,fair,Fair
591,591,2022-11-11,7:00 PM,fair,Fair
592,592,2022-11-11,7:30 PM,fair,Fair
593,593,2022-11-12,8:00 PM,fair,Fair
594,594,2022-11-12,8:30 PM,fair,Fair
595,595,2022-11-12,9:00 PM,fair,Fair
596,596,2022-11-12,9:30 PM,fair,Fair
597,597,2022-11-12,10:00 PM,fair,Fair
598,598,2022-11-12,10:30 PM,fair,Fair
599,599,2022-11-12,11:00 PM,fair,Fair
600,600,2022-11-12,12:30 AM,fair,Fair
601,601,2022-11-12,1:00 AM,fair,Fair
602,602,2022-11-12,1:30 AM,fair,Fair
603,603,2022-11-12,2:00 AM,fair,Fair
604,604,2022-11-12,2:30 AM,fair,Fair
605,605,2022-11-12,3:00 AM,fair,Fair
606,606,2022-11-12,3:30 AM,fair,Fair
607,607,2022-11-12,4:00 AM,fair,Fair
608,608,2022-11-12,3:30 AM,fair,Fair
609,609,2022-11-12,4:00 AM,mostly cloudy,Mostly Cloudy
610,610,2022-11-12,4:30 AM,partly cloudy,Partly Cloudy
611,611,2022-11-12,5:00 AM,mostly cloudy,Mostly Cloudy
612,612,2022-11-12,5:30 AM,mostly cloudy,Mostly Cloudy
613,613,2022-11-12,6:00 AM,mostly cloudy,Mostly Cloudy
614,614,2022-11-12,6:30 AM,mostly cloudy,Mostly Cloudy
615,615,2022-11-12,6:55 AM,mostly cloudy,Mostly Cloudy
616,616,2022-11-12,7:00 AM,mostly cloudy,Mostly Cloudy
617,617,2022-11-12,7:30 AM,mostly cloudy,Mostly Cloudy
618,618,2022-11-12,7:50 AM,mostly cloudy,Mostly Cloudy
619,619,2022-11-12,8:00 AM,mostly cloudy,Mostly Cloudy
620,620,2022-11-12,8:30 AM,mostly cloudy,Mostly Cloudy
621,621,2022-11-12,9:00 AM,cloudy,Cloudy
622,622,2022-11-12,9:30 AM,cloudy,Cloudy
623,623,2022-11-12,10:00 AM,cloudy,Cloudy
624,624,2022-11-12,10:30 AM,mostly cloudy,Mostly Cloudy
625,625,2022-11-12,11:00 AM,light rain,Light Rain
626,626,2022-11-12,11:30 AM,light rain,Light Rain
627,627,2022-11-12,12:00 PM,light rain,Light Rain
628,628,2022-11-12,12:30 PM,light rain,Light Rain
629,629,2022-11-12,1:00 PM,light rain,Light Rain
630,630,2022-11-12,1:30 PM,mostly cloudy,Mostly Cloudy
631,631,2022-11-12,2:00 PM,partly cloudy,Partly Cloudy
632,632,2022-11-12,2:30 PM,partly cloudy,Partly Cloudy
633,633,2022-11-12,3:00 PM,mostly cloudy,Mostly Cloudy
634,634,2022-11-12,3:30 PM,light rain,Light Rain
635,635,2022-11-12,4:00 PM,mostly cloudy,Mostly Cloudy
636,636,2022-11-12,4:30 PM,light rain,Light Rain
637,637,2022-11-12,5:00 PM,mostly cloudy,Mostly Cloudy
638,638,2022-11-12,5:30 PM,mostly cloudy,Mostly Cloudy
639,639,2022-11-12,6:00 PM,mostly cloudy,Mostly Cloudy
640,640,2022-11-12,6:30 PM,cloudy,Cloudy
641,641,2022-11-12,7:00 PM,cloudy,Cloudy
642,642,2022-11-12,7:30 PM,mostly cloudy,Mostly Cloudy
643,643,2022-11-13,8:00 PM,mostly cloudy,Mostly Cloudy
644,644,2022-11-13,8:30 PM,partly cloudy,Partly Cloudy
645,645,2022-11-13,9:00 PM,partly cloudy,Partly Cloudy
646,646,2022-11-13,9:30 PM,cloudy,Cloudy
647,647,2022-11-13,10:00 PM,mostly cloudy,Mostly Cloudy
648,648,2022-11-13,10:30 PM,mostly cloudy,Mostly Cloudy
649,649,2022-11-13,10:55 PM,mostly cloudy,Mostly Cloudy
650,650,2022-11-13,11:00 PM,mostly cloudy,Mostly Cloudy
651,651,2022-11-13,11:20 PM,mostly cloudy,Mostly Cloudy
652,652,2022-11-13,12:30 AM,mostly cloudy,Mostly Cloudy
653,653,2022-11-13,12:50 AM,partly cloudy,Partly Cloudy
654,654,2022-11-13,1:00 AM,partly cloudy,Partly Cloudy
655,655,2022-11-13,1:20 AM,partly cloudy,Partly Cloudy
656,656,2022-11-13,1:30 AM,partly cloudy,Partly Cloudy
657,657,2022-11-13,1:50 AM,partly cloudy,Partly Cloudy
658,658,2022-11-13,2:00 AM,partly cloudy,Partly Cloudy
659,659,2022-11-13,2:20 AM,fair,Fair
660,660,2022-11-13,2:30 AM,fair,Fair
661,661,2022-11-13,2:50 AM,fair,Fair
662,662,2022-11-13,3:00 AM,fair,Fair
663,663,2022-11-13,3:20 AM,foggy,Fog
664,664,2022-11-13,3:30 AM,foggy,Fog
665,665,2022-11-13,4:00 AM,mostly cloudy,Mostly Cloudy
666,666,2022-11-13,4:20 AM,mostly cloudy,Mostly Cloudy
667,667,2022-11-13,3:30 AM,mostly cloudy,Mostly Cloudy
668,668,2022-11-13,4:00 AM,light rain,Light Rain
669,669,2022-11-13,4:30 AM,light rain,Light Rain
670,670,2022-11-13,4:42 AM,rain,Rain
671,671,2022-11-13,5:00 AM,light rain,Light Rain
672,672,2022-11-13,5:30 AM,mostly cloudy,Mostly Cloudy
673,673,2022-11-13,6:00 AM,fair,Fair
674,674,2022-11-13,6:20 AM,partly cloudy,Partly Cloudy
675,675,2022-11-13,6:30 AM,partly cloudy,Partly Cloudy
676,676,2022-11-13,7:00 AM,fair,Fair
677,677,2022-11-13,7:30 AM,partly cloudy,Partly Cloudy
678,678,2022-11-13,8:00 AM,mostly cloudy,Mostly Cloudy
679,679,2022-11-13,8:30 AM,mostly cloudy,Mostly Cloudy
680,680,2022-11-13,9:00 AM,mostly cloudy,Mostly Cloudy
681,681,2022-11-13,9:30 AM,mostly cloudy,Mostly Cloudy
682,682,2022-11-13,10:00 AM,partly cloudy,Partly Cloudy
683,683,2022-11-13,10:30 AM,partly cloudy,Partly Cloudy
684,684,2022-11-13,11:00 AM,partly cloudy,Partly Cloudy
685,685,2022-11-13,11:30 AM,partly cloudy,Partly Cloudy
686,686,2022-11-13,12:00 PM,partly cloudy,Partly Cloudy
687,687,2022-11-13,12:30 PM,partly cloudy,Partly Cloudy
688,688,2022-11-13,1:00 PM,partly cloudy,Partly Cloudy
689,689,2022-11-13,1:30 PM,fair,Fair
690,690,2022-11-13,2:00 PM,fair,Fair
691,691,2022-11-13,2:30 PM,partly cloudy,Partly Cloudy
692,692,2022-11-13,3:00 PM,partly cloudy,Partly Cloudy
693,693,2022-11-13,3:30 PM,partly cloudy,Partly Cloudy
694,694,2022-11-13,4:00 PM,partly cloudy,Partly Cloudy
695,695,2022-11-13,4:30 PM,fair,Fair
696,696,2022-11-13,5:00 PM,fair,Fair
697,697,2022-11-13,5:30 PM,fair,Fair
698,698,2022-11-13,6:00 PM,fair,Fair
699,699,2022-11-13,6:30 PM,fair,Fair
700,700,2022-11-13,7:00 PM,fair,Fair
701,701,2022-11-13,7:30 PM,fair,Fair
702,702,2022-11-14,8:00 PM,fair,Fair
703,703,2022-11-14,8:30 PM,fair,Fair
704,704,2022-11-14,9:30 PM,fair,Fair
705,705,2022-11-14,10:00 PM,fair,Fair
706,706,2022-11-14,10:30 PM,fair,Fair
707,707,2022-11-14,11:00 PM,fair,Fair
708,708,2022-11-14,12:30 AM,fair,Fair
709,709,2022-11-14,1:00 AM,fair,Fair
710,710,2022-11-14,1:30 AM,fair,Fair
711,711,2022-11-14,2:00 AM,fair,Fair
712,712,2022-11-14,2:30 AM,fair,Fair
713,713,2022-11-14,3:00 AM,fair,Fair
714,714,2022-11-14,3:30 AM,fair,Fair
715,715,2022-11-14,4:00 AM,fair,Fair
716,716,2022-11-14,3:30 AM,fair,Fair
717,717,2022-11-14,4:00 AM,fair,Fair
718,718,2022-11-14,4:30 AM,fair,Fair
719,719,2022-11-14,5:00 AM,fair,Fair
720,720,2022-11-14,5:30 AM,fair,Fair
721,721,2022-11-14,6:00 AM,fair,Fair
722,722,2022-11-14,6:30 AM,fair,Fair
723,723,2022-11-14,7:00 AM,fair,Fair
724,724,2022-11-14,7:30 AM,fair,Fair
725,725,2022-11-14,8:00 AM,fair,Fair
726,726,2022-11-14,8:30 AM,fair,Fair
727,727,2022-11-14,9:00 AM,fair,Fair
728,728,2022-11-14,9:30 AM,fair,Fair
729,729,2022-11-14,9:55 AM,fair,Fair
730,730,2022-11-14,10:00 AM,fair,Fair
731,731,2022-11-14,10:30 AM,fair,Fair
732,732,2022-11-14,10:55 AM,fair,Fair
733,733,2022-11-14,11:00 AM,fair,Fair
734,734,2022-11-14,11:30 AM,fair,Fair
735,735,2022-11-14,12:00 PM,fair,Fair
736,736,2022-11-14,12:30 PM,fair,Fair
737,737,2022-11-14,12:55 PM,fair,Fair
738,738,2022-11-14,1:00 PM,fair,Fair
739,739,2022-11-14,1:30 PM,fair,Fair
740,740,2022-11-14,1:50 PM,fair,Fair
741,741,2022-11-14,2:00 PM,fair,Fair
742,742,2022-11-14,2:30 PM,fair,Fair
743,743,2022-11-14,2:50 PM,fair,Fair
744,744,2022-11-14,3:00 PM,fair,Fair
745,745,2022-11-14,3:30 PM,fair,Fair
746,746,2022-11-14,4:00 PM,fair,Fair
747,747,2022-11-14,4:30 PM,fair,Fair
748,748,2022-11-14,5:00 PM,fair,Fair
749,749,2022-11-14,5:30 PM,fair,Fair
750,750,2022-11-14,6:00 PM,fair,Fair
751,751,2022-11-14,6:30 PM,fair,Fair
752,752,2022-11-14,7:00 PM,fair,Fair
753,753,2022-11-14,7:30 PM,fair,Fair
754,754,2022-11-15,8:00 PM,fair,Fair
755,755,2022-11-15,8:30 PM,fair,Fair
756,756,2022-11-15,9:00 PM,fair,Fair
757,757,2022-11-15,9:30 PM,fair,Fair
758,758,2022-11-15,10:00 PM,fair,Fair
759,759,2022-11-15,10:30 PM,fair,Fair
760,760,2022-11-15,10:50 PM,fair,Fair
761,761,2022-11-15,11:00 PM,fair,Fair
762,762,2022-11-15,11:20 PM,fair,Fair
763,763,2022-11-15,12:30 AM,fair,Fair
764,764,2022-11-15,12:50 AM,fair,Fair
765,765,2022-11-15,1:00 AM,fair,Fair
766,766,2022-11-15,1:20 AM,fair,Fair
767,767,2022-11-15,1:30 AM,fair,Fair
768,768,2022-11-15,1:50 AM,fair,Fair
769,769,2022-11-15,2:00 AM,fair,Fair
770,770,2022-11-15,2:20 AM,fair,Fair
771,771,2022-11-15,2:30 AM,fair,Fair
772,772,2022-11-15,2:50 AM,fair,Fair
773,773,2022-11-15,3:00 AM,fair,Fair
774,774,2022-11-15,3:20 AM,fair,Fair
775,775,2022-11-15,3:30 AM,fair,Fair
776,776,2022-11-15,3:50 AM,fair,Fair
777,777,2022-11-15,4:00 AM,fair,Fair
778,778,2022-11-15,4:20 AM,fair,Fair
779,779,2022-11-15,3:30 AM,fair,Fair
780,780,2022-11-15,4:00 AM,mostly cloudy,Mostly Cloudy
781,781,2022-11-15,4:30 AM,mostly cloudy,Mostly Cloudy
782,782,2022-11-15,5:00 AM,mostly cloudy,Mostly Cloudy
783,783,2022-11-15,5:30 AM,partly cloudy,Partly Cloudy
784,784,2022-11-15,6:00 AM,partly cloudy,Partly Cloudy
785,785,2022-11-15,6:30 AM,partly cloudy,Partly Cloudy
786,786,2022-11-15,7:00 AM,partly cloudy,Partly Cloudy
787,787,2022-11-15,7:30 AM,partly cloudy,Partly Cloudy
788,788,2022-11-15,8:00 AM,fair,Fair
789,789,2022-11-15,8:30 AM,fair,Fair
790,790,2022-11-15,9:30 AM,fair,Fair
791,791,2022-11-15,10:00 AM,fair,Fair
792,792,2022-11-15,10:30 AM,fair,Fair
793,793,2022-11-15,11:00 AM,partly cloudy,Partly Cloudy
794,794,2022-11-15,11:30 AM,partly cloudy,Partly Cloudy
795,795,2022-11-15,12:00 PM,partly cloudy,Partly Cloudy
796,796,2022-11-15,12:30 PM,partly cloudy,Partly Cloudy
797,797,2022-11-15,1:00 PM,partly cloudy,Partly Cloudy
798,798,2022-11-15,1:30 PM,partly cloudy,Partly Cloudy
799,799,2022-11-15,2:00 PM,partly cloudy,Partly Cloudy
800,800,2022-11-15,2:30 PM,partly cloudy,Partly Cloudy
801,801,2022-11-15,3:00 PM,fair,Fair
802,802,2022-11-15,3:30 PM,partly cloudy,Partly Cloudy
803,803,2022-11-15,4:00 PM,partly cloudy,Partly Cloudy
804,804,2022-11-15,4:30 PM,fair,Fair
805,805,2022-11-15,5:00 PM,fair,Fair
806,806,2022-11-15,5:30 PM,fair,Fair
807,807,2022-11-15,6:00 PM,fair,Fair
808,808,2022-11-15,6:30 PM,fair,Fair
809,809,2022-11-15,7:00 PM,fair,Fair
810,810,2022-11-15,7:20 PM,fair,Fair
811,811,2022-11-15,7:30 PM,fair,Fair
812,812,2022-11-16,8:00 PM,fair,Fair
813,813,2022-11-16,8:30 PM,fair,Fair
814,814,2022-11-16,9:00 PM,fair,Fair
815,815,2022-11-16,9:30 PM,fair,Fair
816,816,2022-11-16,9:55 PM,fair,Fair
817,817,2022-11-16,10:00 PM,fair,Fair
818,818,2022-11-16,10:30 PM,fair,Fair
819,819,2022-11-16,11:00 PM,fair,Fair
820,820,2022-11-16,12:30 AM,fair,Fair
821,821,2022-11-16,1:00 AM,fair,Fair
822,822,2022-11-16,1:30 AM,fair,Fair
823,823,2022-11-16,2:00 AM,fair,Fair
824,824,2022-11-16,2:30 AM,fair,Fair
825,825,2022-11-16,3:00 AM,fair,Fair
826,826,2022-11-16,3:30 AM,fair,Fair
827,827,2022-11-16,4:00 AM,fair,Fair
828,828,2022-11-16,3:30 AM,fair,Fair
829,829,2022-11-16,3:55 AM,fair,Fair
830,830,2022-11-16,4:00 AM,fair,Fair
831,831,2022-11-16,4:30 AM,fair,Fair
832,832,2022-11-16,5:00 AM,fair,Fair
833,833,2022-11-16,5:30 AM,fair,Fair
834,834,2022-11-16,5:55 AM,fair,Fair
835,835,2022-11-16,6:00 AM,fair,Fair
836,836,2022-11-16,6:30 AM,fair,Fair
837,837,2022-11-16,7:00 AM,fair,Fair
838,838,2022-11-16,7:30 AM,fair,Fair
839,839,2022-11-16,7:55 AM,fair,Fair
840,840,2022-11-16,8:00 AM,fair,Fair
841,841,2022-11-16,8:30 AM,fair,Fair
842,842,2022-11-16,9:00 AM,fair,Fair
843,843,2022-11-16,9:30 AM,fair,Fair
844,844,2022-11-16,10:00 AM,fair,Fair
845,845,2022-11-16,10:30 AM,fair,Fair
846,846,2022-11-16,11:00 AM,fair,Fair
847,847,2022-11-16,11:30 AM,fair,Fair
848,848,2022-11-16,12:00 PM,fair,Fair
849,849,2022-11-16,12:30 PM,fair,Fair
850,850,2022-11-16,1:00 PM,fair,Fair
851,851,2022-11-16,1:30 PM,fair,Fair
852,852,2022-11-16,2:00 PM,fair,Fair
853,853,2022-11-16,2:30 PM,fair,Fair
854,854,2022-11-16,3:00 PM,fair,Fair
855,855,2022-11-16,3:30 PM,fair,Fair
856,856,2022-11-16,4:00 PM,fair,Fair
857,857,2022-11-16,4:30 PM,fair,Fair
858,858,2022-11-16,5:00 PM,fair,Fair
859,859,2022-11-16,5:30 PM,fair,Fair
860,860,2022-11-16,6:00 PM,fair,Fair
861,861,2022-11-16,6:30 PM,fair,Fair
862,862,2022-11-16,7:00 PM,fair,Fair
863,863,2022-11-16,7:30 PM,fair,Fair
864,864,2022-11-17,8:00 PM,fair,Fair
865,865,2022-11-17,8:30 PM,fair,Fair
866,866,2022-11-17,9:00 PM,fair,Fair
867,867,2022-11-17,9:30 PM,fair,Fair
868,868,2022-11-17,10:00 PM,fair,Fair
869,869,2022-11-17,10:30 PM,fair,Fair
870,870,2022-11-17,10:50 PM,fair,Fair
871,871,2022-11-17,11:00 PM,fair,Fair
872,872,2022-11-17,11:20 PM,fair,Fair
873,873,2022-11-17,12:30 AM,fair,Fair
874,874,2022-11-17,12:50 AM,fair,Fair
875,875,2022-11-17,1:00 AM,fair,Fair
876,876,2022-11-17,1:20 AM,fair,Fair
877,877,2022-11-17,1:30 AM,fair,Fair
878,878,2022-11-17,1:50 AM,fair,Fair
879,879,2022-11-17,2:00 AM,fair,Fair
880,880,2022-11-17,2:20 AM,fair,Fair
881,881,2022-11-17,2:30 AM,fair,Fair
882,882,2022-11-17,2:55 AM,mostly cloudy,Mostly Cloudy
883,883,2022-11-17,3:00 AM,mostly cloudy,Mostly Cloudy
884,884,2022-11-17,3:20 AM,mostly cloudy,Mostly Cloudy
885,885,2022-11-17,3:30 AM,mostly cloudy,Mostly Cloudy
886,886,2022-11-17,3:50 AM,partly cloudy,Partly Cloudy
887,887,2022-11-17,4:00 AM,partly cloudy,Partly Cloudy
888,888,2022-11-17,4:20 AM,partly cloudy,Partly Cloudy
889,889,2022-11-17,3:30 AM,partly cloudy,Partly Cloudy
890,890,2022-11-17,4:00 AM,mostly cloudy,Mostly Cloudy
891,891,2022-11-17,4:30 AM,mostly cloudy,Mostly Cloudy
892,892,2022-11-17,5:00 AM,mostly cloudy,Mostly Cloudy
893,893,2022-11-17,5:30 AM,mostly cloudy,Mostly Cloudy
894,894,2022-11-17,6:00 AM,mostly cloudy,Mostly Cloudy
895,895,2022-11-17,6:30 AM,mostly cloudy,Mostly Cloudy
896,896,2022-11-17,7:00 AM,partly cloudy,Partly Cloudy
897,897,2022-11-17,7:30 AM,mostly cloudy,Mostly Cloudy
898,898,2022-11-17,8:00 AM,mostly cloudy,Mostly Cloudy
899,899,2022-11-17,8:30 AM,mostly cloudy,Mostly Cloudy
900,900,2022-11-17,9:00 AM,mostly cloudy,Mostly Cloudy
901,901,2022-11-17,9:30 AM,mostly cloudy,Mostly Cloudy
902,902,2022-11-17,10:00 AM,mostly cloudy,Mostly Cloudy
903,903,2022-11-17,10:30 AM,mostly cloudy,Mostly Cloudy
904,904,2022-11-17,11:00 AM,mostly cloudy,Mostly Cloudy
905,905,2022-11-17,11:30 AM,mostly cloudy,Mostly Cloudy
906,906,2022-11-17,12:00 PM,mostly cloudy,Mostly Cloudy
907,907,2022-11-17,12:30 PM,mostly cloudy,Mostly Cloudy
908,908,2022-11-17,1:00 PM,fair,Fair
909,909,2022-11-17,1:30 PM,fair,Fair
910,910,2022-11-17,2:00 PM,fair,Fair
911,911,2022-11-17,2:30 PM,mostly cloudy,Mostly Cloudy
912,912,2022-11-17,3:00 PM,light rain,Light Rain Shower
913,913,2022-11-17,3:30 PM,mostly cloudy,Mostly Cloudy
914,914,2022-11-17,4:00 PM,mostly cloudy,Mostly Cloudy
915,915,2022-11-17,4:30 PM,mostly cloudy,Mostly Cloudy
916,916,2022-11-17,5:00 PM,mostly cloudy,Mostly Cloudy
917,917,2022-11-17,5:30 PM,partly cloudy,Partly Cloudy
918,918,2022-11-17,6:00 PM,partly cloudy,Partly Cloudy
919,919,2022-11-17,6:30 PM,fair,Fair
920,920,2022-11-17,7:00 PM,fair,Fair
921,921,2022-11-17,7:30 PM,partly cloudy,Partly Cloudy
922,922,2022-11-18,8:00 PM,fair,Fair
923,923,2022-11-18,8:30 PM,fair,Fair
924,924,2022-11-18,9:00 PM,fair,Fair
925,925,2022-11-18,9:30 PM,fair,Fair
926,926,2022-11-18,10:30 PM,fair,Fair
927,927,2022-11-18,11:00 PM,partly cloudy,Partly Cloudy
928,928,2022-11-18,12:30 AM,partly cloudy,Partly Cloudy
929,929,2022-11-18,1:00 AM,partly cloudy,Partly Cloudy
930,930,2022-11-18,1:30 AM,partly cloudy,Partly Cloudy
931,931,2022-11-18,2:00 AM,partly cloudy,Partly Cloudy
932,932,2022-11-18,2:30 AM,partly cloudy,Partly Cloudy
933,933,2022-11-18,3:00 AM,partly cloudy,Partly Cloudy
934,934,2022-11-18,3:30 AM,mostly cloudy,Mostly Cloudy
935,935,2022-11-18,4:00 AM,mostly cloudy,Mostly Cloudy
936,936,2022-11-18,3:30 AM,mostly cloudy,Mostly Cloudy
937,937,2022-11-18,4:00 AM,mostly cloudy,Mostly Cloudy
938,938,2022-11-18,4:30 AM,mostly cloudy,Mostly Cloudy
939,939,2022-11-18,5:00 AM,mostly cloudy,Mostly Cloudy
940,940,2022-11-18,5:30 AM,mostly cloudy,Mostly Cloudy
941,941,2022-11-18,6:00 AM,mostly cloudy,Mostly Cloudy
942,942,2022-11-18,6:30 AM,mostly cloudy,Mostly Cloudy
943,943,2022-11-18,7:00 AM,mostly cloudy,Mostly Cloudy
944,944,2022-11-18,7:30 AM,partly cloudy,Partly Cloudy
945,945,2022-11-18,8:00 AM,partly cloudy,Partly Cloudy
946,946,2022-11-18,8:30 AM,partly cloudy,Partly Cloudy
947,947,2022-11-18,9:00 AM,partly cloudy,Partly Cloudy
948,948,2022-11-18,9:30 AM,partly cloudy,Partly Cloudy
949,949,2022-11-18,10:00 AM,partly cloudy,Partly Cloudy
950,950,2022-11-18,10:30 AM,partly cloudy,Partly Cloudy
951,951,2022-11-18,11:00 AM,partly cloudy,Partly Cloudy
952,952,2022-11-18,11:30 AM,partly cloudy,Partly Cloudy
953,953,2022-11-18,12:00 PM,partly cloudy,Partly Cloudy
954,954,2022-11-18,12:30 PM,partly cloudy,Partly Cloudy
955,955,2022-11-18,1:00 PM,mostly cloudy,Mostly Cloudy
956,956,2022-11-18,1:30 PM,mostly cloudy,Mostly Cloudy
957,957,2022-11-18,2:00 PM,mostly cloudy,Mostly Cloudy
958,958,2022-11-18,2:30 PM,partly cloudy,Partly Cloudy
959,959,2022-11-18,3:00 PM,mostly cloudy,Mostly Cloudy
960,960,2022-11-18,3:30 PM,mostly cloudy,Mostly Cloudy
961,961,2022-11-18,3:50 PM,light rain,Light Rain
962,962,2022-11-18,4:00 PM,light rain,Light Rain
963,963,2022-11-18,4:30 PM,light rain,Light Rain
964,964,2022-11-18,4:55 PM,rain,Rain
965,965,2022-11-18,5:00 PM,rain,Rain
966,966,2022-11-18,5:30 PM,light rain,Light Rain
967,967,2022-11-18,6:00 PM,light rain,Light Rain
968,968,2022-11-18,6:30 PM,mostly cloudy,Mostly Cloudy
969,969,2022-11-18,7:00 PM,mostly cloudy,Mostly Cloudy
970,970,2022-11-18,7:30 PM,fair,Fair
971,971,2022-11-19,8:00 PM,mostly cloudy,Mostly Cloudy
972,972,2022-11-19,8:30 PM,mostly cloudy,Mostly Cloudy
973,973,2022-11-19,8:55 PM,mostly cloudy,Mostly Cloudy
974,974,2022-11-19,9:00 PM,mostly cloudy,Mostly Cloudy
975,975,2022-11-19,9:30 PM,fair,Fair
976,976,2022-11-19,10:00 PM,fair,Fair
977,977,2022-11-19,10:30 PM,fair,Fair
978,978,2022-11-19,10:50 PM,foggy,Fog
979,979,2022-11-19,11:00 PM,foggy,Fog
980,980,2022-11-19,11:20 PM,foggy,Fog
981,981,2022-11-19,12:30 AM,foggy,Fog
982,982,2022-11-19,12:50 AM,fair,Fair
983,983,2022-11-19,1:00 AM,fair,Fair
984,984,2022-11-19,1:20 AM,fair,Fair
985,985,2022-11-19,1:30 AM,fair,Fair
986,986,2022-11-19,1:50 AM,fair,Fair
987,987,2022-11-19,2:00 AM,fair,Fair
988,988,2022-11-19,2:20 AM,fair,Fair
989,989,2022-11-19,2:30 AM,fair,Fair
990,990,2022-11-19,2:55 AM,fair,Fair
991,991,2022-11-19,3:00 AM,fair,Fair
992,992,2022-11-19,3:20 AM,fair,Fair
993,993,2022-11-19,3:30 AM,fair,Fair
994,994,2022-11-19,3:50 AM,fair,Fair
995,995,2022-11-19,4:00 AM,fair,Fair
996,996,2022-11-19,4:20 AM,fair,Fair
997,997,2022-11-19,3:30 AM,fair,Fair
998,998,2022-11-19,4:00 AM,fair,Fair
999,999,2022-11-19,4:30 AM,fair,Fair
1000,1000,2022-11-19,5:00 AM,fair,Fair
1001,1001,2022-11-19,5:30 AM,fair,Fair
1002,1002,2022-11-19,6:00 AM,fair,Fair
1003,1003,2022-11-19,6:30 AM,fair,Fair
1004,1004,2022-11-19,7:00 AM,fair,Fair
1005,1005,2022-11-19,7:30 AM,fair,Fair
1006,1006,2022-11-19,8:00 AM,fair,Fair
1007,1007,2022-11-19,8:30 AM,fair,Fair
1008,1008,2022-11-19,9:00 AM,fair,Fair
1009,1009,2022-11-19,9:30 AM,fair,Fair
1010,1010,2022-11-19,10:00 AM,fair,Fair
1011,1011,2022-11-19,10:30 AM,fair,Fair
1012,1012,2022-11-19,11:00 AM,fair,Fair
1013,1013,2022-11-19,11:30 AM,fair,Fair
1014,1014,2022-11-19,12:00 PM,fair,Fair
1015,1015,2022-11-19,12:30 PM,fair,Fair
1016,1016,2022-11-19,1:00 PM,fair,Fair
1017,1017,2022-11-19,1:30 PM,fair,Fair
1018,1018,2022-11-19,2:00 PM,fair,Fair
1019,1019,2022-11-19,2:30 PM,fair,Fair
1020,1020,2022-11-19,3:00 PM,fair,Fair
1021,1021,2022-11-19,3:30 PM,fair,Fair
1022,1022,2022-11-19,4:00 PM,fair,Fair
1023,1023,2022-11-19,4:30 PM,fair,Fair
1024,1024,2022-11-19,5:00 PM,fair,Fair
1025,1025,2022-11-19,5:30 PM,fair,Fair
1026,1026,2022-11-19,6:00 PM,fair,Fair
1027,1027,2022-11-19,6:30 PM,fair,Fair
1028,1028,2022-11-19,7:00 PM,fair,Fair
1029,1029,2022-11-19,7:30 PM,fair,Fair
1030,1030,2022-11-20,8:00 PM,fair,Fair
1031,1031,2022-11-20,8:30 PM,fair,Fair
1032,1032,2022-11-20,9:00 PM,fair,Fair
1033,1033,2022-11-20,9:30 PM,fair,Fair
1034,1034,2022-11-20,10:00 PM,fair,Fair
1035,1035,2022-11-20,10:30 PM,fair,Fair
1036,1036,2022-11-20,11:00 PM,fair,Fair
1037,1037,2022-11-20,12:30 AM,fair,Fair
1038,1038,2022-11-20,1:00 AM,fair,Fair
1039,1039,2022-11-20,1:30 AM,fair,Fair
1040,1040,2022-11-20,2:00 AM,fair,Fair
1041,1041,2022-11-20,2:30 AM,fair,Fair
1042,1042,2022-11-20,3:00 AM,fair,Fair
1043,1043,2022-11-20,3:30 AM,fair,Fair
1044,1044,2022-11-20,4:00 AM,fair,Fair
1045,1045,2022-11-20,3:30 AM,fair,Fair
1046,1046,2022-11-20,3:50 AM,fair,Fair
1047,1047,2022-11-20,4:00 AM,fair,Fair
1048,1048,2022-11-20,4:20 AM,fair,Fair
1049,1049,2022-11-20,4:30 AM,fair,Fair
1050,1050,2022-11-20,4:50 AM,fair,Fair
1051,1051,2022-11-20,5:00 AM,fair,Fair
1052,1052,2022-11-20,5:20 AM,fair,Fair
1053,1053,2022-11-20,5:30 AM,fair,Fair
1054,1054,2022-11-20,5:50 AM,fair,Fair
1055,1055,2022-11-20,6:00 AM,fair,Fair
1056,1056,2022-11-20,6:20 AM,fair,Fair
1057,1057,2022-11-20,6:30 AM,fair,Fair
1058,1058,2022-11-20,6:50 AM,fair,Fair
1059,1059,2022-11-20,7:00 AM,fair,Fair
1060,1060,2022-11-20,7:20 AM,fair,Fair
1061,1061,2022-11-20,7:30 AM,fair,Fair
1062,1062,2022-11-20,8:00 AM,fair,Fair
1063,1063,2022-11-20,8:20 AM,fair,Fair
1064,1064,2022-11-20,8:30 AM,fair,Fair
1065,1065,2022-11-20,8:50 AM,fair,Fair
1066,1066,2022-11-20,9:00 AM,fair,Fair
1067,1067,2022-11-20,9:20 AM,fair,Fair
1068,1068,2022-11-20,9:30 AM,fair,Fair
1069,1069,2022-11-20,10:00 AM,fair,Fair
1070,1070,2022-11-20,10:30 AM,fair,Fair
1071,1071,2022-11-20,11:00 AM,fair,Fair
1072,1072,2022-11-20,11:30 AM,fair,Fair
1073,1073,2022-11-20,12:00 PM,fair,Fair
1074,1074,2022-11-20,12:30 PM,fair,Fair
1075,1075,2022-11-20,1:00 PM,fair,Fair
1076,1076,2022-11-20,1:30 PM,fair,Fair
1077,1077,2022-11-20,2:00 PM,fair,Fair
1078,1078,2022-11-20,2:30 PM,fair,Fair
1079,1079,2022-11-20,3:00 PM,fair,Fair
1080,1080,2022-11-20,3:30 PM,fair,Fair
1081,1081,2022-11-20,3:50 PM,fair,Fair
1082,1082,2022-11-20,4:00 PM,fair,Fair
1083,1083,2022-11-20,4:30 PM,fair,Fair
1084,1084,2022-11-20,4:55 PM,fair,Fair
1085,1085,2022-11-20,5:00 PM,fair,Fair
1086,1086,2022-11-20,5:30 PM,fair,Fair
1087,1087,2022-11-20,6:00 PM,fair,Fair
1088,1088,2022-11-20,6:30 PM,fair,Fair
1089,1089,2022-11-20,6:55 PM,fair,Fair
1090,1090,2022-11-20,7:00 PM,fair,Fair
1091,1091,2022-11-20,7:30 PM,fair,Fair
1092,1092,2022-11-20,7:55 PM,fair,Fair
1093,1093,2022-11-21,8:00 PM,fair,Fair
1094,1094,2022-11-21,8:30 PM,fair,Fair
1095,1095,2022-11-21,8:55 PM,fair,Fair
1096,1096,2022-11-21,9:00 PM,fair,Fair
1097,1097,2022-11-21,9:30 PM,fair,Fair
1098,1098,2022-11-21,10:00 PM,fair,Fair
1099,1099,2022-11-21,10:30 PM,fair,Fair
1100,1100,2022-11-21,11:00 PM,fair,Fair
1101,1101,2022-11-21,12:30 AM,fair,Fair
1102,1102,2022-11-21,1:00 AM,fair,Fair
1103,1103,2022-11-21,1:30 AM,fair,Fair
1104,1104,2022-11-21,2:00 AM,fair,Fair
1105,1105,2022-11-21,2:30 AM,fair,Fair
1106,1106,2022-11-21,3:30 AM,fair,Fair
1107,1107,2022-11-21,4:00 AM,fair,Fair
1108,1108,2022-11-21,3:30 AM,fair,Fair
1109,1109,2022-11-21,4:00 AM,fair,Fair
1110,1110,2022-11-21,4:30 AM,fair,Fair
1111,1111,2022-11-21,5:00 AM,fair,Fair
1112,1112,2022-11-21,5:30 AM,fair,Fair
1113,1113,2022-11-21,6:00 AM,fair,Fair
1114,1114,2022-11-21,6:30 AM,fair,Fair
1115,1115,2022-11-21,7:00 AM,fair,Fair
1116,1116,2022-11-21,7:30 AM,fair,Fair
1117,1117,2022-11-21,8:00 AM,fair,Fair
1118,1118,2022-11-21,8:30 AM,fair,Fair
1119,1119,2022-11-21,9:00 AM,fair,Fair
1120,1120,2022-11-21,9:30 AM,fair,Fair
1121,1121,2022-11-21,10:00 AM,fair,Fair
1122,1122,2022-11-21,10:30 AM,fair,Fair
1123,1123,2022-11-21,11:00 AM,fair,Fair
1124,1124,2022-11-21,11:30 AM,fair,Fair
1125,1125,2022-11-21,12:00 PM,fair,Fair
1126,1126,2022-11-21,12:30 PM,fair,Fair
1127,1127,2022-11-21,1:00 PM,fair,Fair
1128,1128,2022-11-21,1:30 PM,fair,Fair
1129,1129,2022-11-21,2:00 PM,fair,Fair
1130,1130,2022-11-21,2:30 PM,fair,Fair
1131,1131,2022-11-21,3:00 PM,fair,Fair
1132,1132,2022-11-21,3:30 PM,fair,Fair
1133,1133,2022-11-21,4:00 PM,fair,Fair
1134,1134,2022-11-21,4:30 PM,fair,Fair
1135,1135,2022-11-21,5:00 PM,fair,Fair
1136,1136,2022-11-21,5:30 PM,fair,Fair
1137,1137,2022-11-21,6:00 PM,fair,Fair
1138,1138,2022-11-21,6:30 PM,fair,Fair
1139,1139,2022-11-21,7:00 PM,fair,Fair
1140,1140,2022-11-21,7:30 PM,fair,Fair
1141,1141,2022-11-22,8:00 PM,fair,Fair
1142,1142,2022-11-22,8:30 PM,fair,Fair
1143,1143,2022-11-22,9:00 PM,fair,Fair
1144,1144,2022-11-22,9:30 PM,fair,Fair
1145,1145,2022-11-22,10:30 PM,fair,Fair
1146,1146,2022-11-22,11:00 PM,fair,Fair
1147,1147,2022-11-22,12:30 AM,fair,Fair
1148,1148,2022-11-22,1:00 AM,fair,Fair
1149,1149,2022-11-22,1:30 AM,fair,Fair
1150,1150,2022-11-22,2:00 AM,fair,Fair
1151,1151,2022-11-22,2:30 AM,fair,Fair
1152,1152,2022-11-22,3:00 AM,fair,Fair
1153,1153,2022-11-22,3:30 AM,fair,Fair
1154,1154,2022-11-22,4:00 AM,fair,Fair
1155,1155,2022-11-22,4:20 AM,fair,Fair
1156,1156,2022-11-22,3:30 AM,fair,Fair
1157,1157,2022-11-22,3:50 AM,fair,Fair
1158,1158,2022-11-22,4:00 AM,fair,Fair
1159,1159,2022-11-22,4:20 AM,fair,Fair
1160,1160,2022-11-22,4:30 AM,fair,Fair
1161,1161,2022-11-22,4:50 AM,fair,Fair
1162,1162,2022-11-22,5:00 AM,fair,Fair
1163,1163,2022-11-22,5:20 AM,fair,Fair
1164,1164,2022-11-22,5:30 AM,fair,Fair
1165,1165,2022-11-22,5:50 AM,fair,Fair
1166,1166,2022-11-22,6:00 AM,fair,Fair
1167,1167,2022-11-22,6:20 AM,fair,Fair
1168,1168,2022-11-22,6:30 AM,fair,Fair
1169,1169,2022-11-22,6:50 AM,fair,Fair
1170,1170,2022-11-22,7:00 AM,fair,Fair
1171,1171,2022-11-22,7:20 AM,fair,Fair
1172,1172,2022-11-22,7:30 AM,fair,Fair
1173,1173,2022-11-22,7:50 AM,fair,Fair
1174,1174,2022-11-22,8:00 AM,fair,Fair
1175,1175,2022-11-22,8:20 AM,fair,Fair
1176,1176,2022-11-22,8:30 AM,fair,Fair
1177,1177,2022-11-22,8:50 AM,fair,Fair
1178,1178,2022-11-22,9:00 AM,fair,Fair
1179,1179,2022-11-22,9:20 AM,fair,Fair
1180,1180,2022-11-22,9:30 AM,fair,Fair
1181,1181,2022-11-22,10:00 AM,fair,Fair
1182,1182,2022-11-22,10:30 AM,fair,Fair
1183,1183,2022-11-22,11:00 AM,fair,Fair
1184,1184,2022-11-22,11:30 AM,fair,Fair
1185,1185,2022-11-22,11:50 AM,fair,Fair
1186,1186,2022-11-22,12:00 PM,fair,Fair
1187,1187,2022-11-22,12:20 PM,fair,Fair
1188,1188,2022-11-22,12:30 PM,fair,Fair
1189,1189,2022-11-22,1:00 PM,fair,Fair
1190,1190,2022-11-22,1:30 PM,fair,Fair
1191,1191,2022-11-22,1:50 PM,fair,Fair
1192,1192,2022-11-22,2:00 PM,fair,Fair
1193,1193,2022-11-22,2:30 PM,fair,Fair
1194,1194,2022-11-22,2:55 PM,fair,Fair
1195,1195,2022-11-22,3:00 PM,fair,Fair
1196,1196,2022-11-22,3:30 PM,fair,Fair
1197,1197,2022-11-22,4:00 PM,fair,Fair
1198,1198,2022-11-22,4:30 PM,fair,Fair
1199,1199,2022-11-22,5:00 PM,fair,Fair
1200,1200,2022-11-22,5:30 PM,fair,Fair
1201,1201,2022-11-22,6:00 PM,fair,Fair
1202,1202,2022-11-22,6:30 PM,fair,Fair
1203,1203,2022-11-22,7:00 PM,fair,Fair
1204,1204,2022-11-22,7:30 PM,fair,Fair
1205,1205,2022-11-23,8:00 PM,fair,Fair
1206,1206,2022-11-23,8:30 PM,fair,Fair
1207,1207,2022-11-23,9:00 PM,fair,Fair
1208,1208,2022-11-23,9:30 PM,fair,Fair
1209,1209,2022-11-23,10:00 PM,fair,Fair
1210,1210,2022-11-23,10:30 PM,fair,Fair
1211,1211,2022-11-23,11:00 PM,fair,Fair
1212,1212,2022-11-23,12:30 AM,fair,Fair
1213,1213,2022-11-23,1:00 AM,fair,Fair
1214,1214,2022-11-23,1:30 AM,fair,Fair
1215,1215,2022-11-23,2:00 AM,fair,Fair
1216,1216,2022-11-23,2:30 AM,fair,Fair
1217,1217,2022-11-23,3:00 AM,fair,Fair
1218,1218,2022-11-23,3:30 AM,fair,Fair
1219,1219,2022-11-23,4:00 AM,fair,Fair
1220,1220,2022-11-23,3:30 AM,fair,Fair
1221,1221,2022-11-23,4:00 AM,fair,Fair
1222,1222,2022-11-23,4:30 AM,fair,Fair
1223,1223,2022-11-23,5:00 AM,fair,Fair
1224,1224,2022-11-23,5:30 AM,fair,Fair
1225,1225,2022-11-23,6:00 AM,fair,Fair
1226,1226,2022-11-23,6:30 AM,fair,Fair
1227,1227,2022-11-23,7:00 AM,fair,Fair
1228,1228,2022-11-23,7:30 AM,fair,Fair
1229,1229,2022-11-23,8:00 AM,fair,Fair
1230,1230,2022-11-23,8:30 AM,fair,Fair
1231,1231,2022-11-23,9:00 AM,fair,Fair
1232,1232,2022-11-23,9:30 AM,fair,Fair
1233,1233,2022-11-23,10:00 AM,fair,Fair
1234,1234,2022-11-23,10:30 AM,fair,Fair
1235,1235,2022-11-23,11:00 AM,fair,Fair
1236,1236,2022-11-23,11:30 AM,fair,Fair
1237,1237,2022-11-23,12:00 PM,fair,Fair
1238,1238,2022-11-23,12:30 PM,fair,Fair
1239,1239,2022-11-23,1:30 PM,fair,Fair
1240,1240,2022-11-23,2:00 PM,fair,Fair
1241,1241,2022-11-23,2:30 PM,fair,Fair
1242,1242,2022-11-23,3:00 PM,fair,Fair
1243,1243,2022-11-23,3:30 PM,fair,Fair
1244,1244,2022-11-23,4:00 PM,fair,Fair
1245,1245,2022-11-23,4:20 PM,fair,Fair
1246,1246,2022-11-23,4:30 PM,fair,Fair
1247,1247,2022-11-23,4:55 PM,fair,Fair
1248,1248,2022-11-23,5:00 PM,fair,Fair
1249,1249,2022-11-23,5:20 PM,fair,Fair
1250,1250,2022-11-23,5:30 PM,fair,Fair
1251,1251,2022-11-23,5:50 PM,fair,Fair
1252,1252,2022-11-23,6:00 PM,fair,Fair
1253,1253,2022-11-23,6:20 PM,fair,Fair
1254,1254,2022-11-23,6:30 PM,fair,Fair
1255,1255,2022-11-23,6:50 PM,fair,Fair
1256,1256,2022-11-23,7:00 PM,fair,Fair
1257,1257,2022-11-23,7:20 PM,fair,Fair
1258,1258,2022-11-23,7:30 PM,fair,Fair
1259,1259,2022-11-23,7:50 PM,fair,Fair
1260,1260,2022-11-24,8:00 PM,fair,Fair
1261,1261,2022-11-24,8:20 PM,fair,Fair
1262,1262,2022-11-24,8:30 PM,fair,Fair
1263,1263,2022-11-24,8:50 PM,fair,Fair
1264,1264,2022-11-24,9:00 PM,fair,Fair
1265,1265,2022-11-24,9:20 PM,fair,Fair
1266,1266,2022-11-24,9:30 PM,fair,Fair
1267,1267,2022-11-24,9:50 PM,fair,Fair
1268,1268,2022-11-24,10:00 PM,fair,Fair
1269,1269,2022-11-24,10:20 PM,fair,Fair
1270,1270,2022-11-24,10:30 PM,fair,Fair
1271,1271,2022-11-24,11:00 PM,fair,Fair
1272,1272,2022-11-24,12:30 AM,fair,Fair
1273,1273,2022-11-24,1:00 AM,fair,Fair
1274,1274,2022-11-24,1:30 AM,fair,Fair
1275,1275,2022-11-24,1:55 AM,fair,Fair
1276,1276,2022-11-24,2:00 AM,fair,Fair
1277,1277,2022-11-24,2:30 AM,fair,Fair
1278,1278,2022-11-24,2:55 AM,fair,Fair
1279,1279,2022-11-24,3:00 AM,fair,Fair
1280,1280,2022-11-24,3:30 AM,fair,Fair
1281,1281,2022-11-24,3:50 AM,fair,Fair
1282,1282,2022-11-24,4:00 AM,fair,Fair
1283,1283,2022-11-24,3:30 AM,fair,Fair
1284,1284,2022-11-24,4:00 AM,fair,Fair
1285,1285,2022-11-24,4:30 AM,fair,Fair
1286,1286,2022-11-24,5:00 AM,fair,Fair
1287,1287,2022-11-24,5:30 AM,fair,Fair
1288,1288,2022-11-24,6:00 AM,fair,Fair
1289,1289,2022-11-24,6:30 AM,fair,Fair
1290,1290,2022-11-24,7:00 AM,fair,Fair
1291,1291,2022-11-24,7:30 AM,mostly cloudy,Mostly Cloudy
1292,1292,2022-11-24,8:00 AM,mostly cloudy,Mostly Cloudy
1293,1293,2022-11-24,8:30 AM,mostly cloudy,Mostly Cloudy
1294,1294,2022-11-24,9:00 AM,mostly cloudy,Mostly Cloudy
1295,1295,2022-11-24,9:30 AM,mostly cloudy,Mostly Cloudy
1296,1296,2022-11-24,10:00 AM,mostly cloudy,Mostly Cloudy
1297,1297,2022-11-24,10:30 AM,mostly cloudy,Mostly Cloudy
1298,1298,2022-11-24,11:00 AM,mostly cloudy,Mostly Cloudy
1299,1299,2022-11-24,11:30 AM,mostly cloudy,Mostly Cloudy
1300,1300,2022-11-24,12:00 PM,mostly cloudy,Mostly Cloudy
1301,1301,2022-11-24,12:30 PM,fair,Fair
1302,1302,2022-11-24,1:00 PM,fair,Fair
1303,1303,2022-11-24,1:30 PM,fair,Fair
1304,1304,2022-11-24,2:00 PM,fair,Fair
1305,1305,2022-11-24,2:30 PM,fair,Fair
1306,1306,2022-11-24,3:00 PM,fair,Fair
1307,1307,2022-11-24,3:30 PM,fair,Fair
1308,1308,2022-11-24,4:00 PM,fair,Fair
1309,1309,2022-11-24,4:30 PM,fair,Fair
1310,1310,2022-11-24,5:00 PM,fair,Fair
1311,1311,2022-11-24,5:30 PM,fair,Fair
1312,1312,2022-11-24,6:00 PM,fair,Fair
1313,1313,2022-11-24,6:30 PM,fair,Fair
1314,1314,2022-11-24,7:00 PM,fair,Fair
1315,1315,2022-11-24,7:30 PM,fair,Fair
1316,1316,2022-11-25,8:00 PM,fair,Fair
1317,1317,2022-11-25,8:30 PM,fair,Fair
1318,1318,2022-11-25,9:00 PM,fair,Fair
1319,1319,2022-11-25,9:30 PM,fair,Fair
1320,1320,2022-11-25,10:00 PM,fair,Fair
1321,1321,2022-11-25,10:30 PM,fair,Fair
1322,1322,2022-11-25,11:00 PM,fair,Fair
1323,1323,2022-11-25,12:30 AM,fair,Fair
1324,1324,2022-11-25,1:00 AM,fair,Fair
1325,1325,2022-11-25,1:30 AM,fair,Fair
1326,1326,2022-11-25,2:00 AM,fair,Fair
1327,1327,2022-11-25,2:30 AM,fair,Fair
1328,1328,2022-11-25,3:00 AM,fair,Fair
1329,1329,2022-11-25,3:30 AM,fair,Fair
1330,1330,2022-11-25,4:00 AM,fair,Fair
1331,1331,2022-11-25,3:30 AM,fair,Fair
1332,1332,2022-11-25,3:55 AM,fair,Fair
1333,1333,2022-11-25,4:00 AM,fair,Fair
1334,1334,2022-11-25,4:30 AM,fair,Fair
1335,1335,2022-11-25,5:00 AM,fair,Fair
1336,1336,2022-11-25,5:30 AM,fair,Fair
1337,1337,2022-11-25,5:55 AM,fair,Fair
1338,1338,2022-11-25,6:00 AM,fair,Fair
1339,1339,2022-11-25,6:30 AM,fair,Fair
1340,1340,2022-11-25,6:55 AM,fair,Fair
1341,1341,2022-11-25,7:00 AM,fair,Fair
1342,1342,2022-11-25,7:30 AM,fair,Fair
1343,1343,2022-11-25,8:00 AM,fair,Fair
1344,1344,2022-11-25,8:30 AM,fair,Fair
1345,1345,2022-11-25,8:50 AM,fair,Fair
1346,1346,2022-11-25,9:00 AM,fair,Fair
1347,1347,2022-11-25,9:30 AM,fair,Fair
1348,1348,2022-11-25,10:00 AM,fair,Fair
1349,1349,2022-11-25,10:30 AM,fair,Fair
1350,1350,2022-11-25,10:55 AM,fair,Fair
1351,1351,2022-11-25,11:00 AM,fair,Fair
1352,1352,2022-11-25,11:30 AM,fair,Fair
1353,1353,2022-11-25,12:00 PM,fair,Fair
1354,1354,2022-11-25,12:30 PM,fair,Fair
1355,1355,2022-11-25,1:00 PM,fair,Fair
1356,1356,2022-11-25,1:30 PM,fair,Fair
1357,1357,2022-11-25,2:00 PM,fair,Fair
1358,1358,2022-11-25,2:30 PM,fair,Fair
1359,1359,2022-11-25,3:00 PM,fair,Fair
1360,1360,2022-11-25,3:30 PM,fair,Fair
1361,1361,2022-11-25,4:00 PM,fair,Fair
1362,1362,2022-11-25,4:30 PM,fair,Fair
1363,1363,2022-11-25,5:00 PM,partly cloudy,Partly Cloudy
1364,1364,2022-11-25,5:30 PM,partly cloudy,Partly Cloudy
1365,1365,2022-11-25,6:00 PM,fair,Fair
1366,1366,2022-11-25,6:30 PM,fair,Fair
1367,1367,2022-11-25,7:00 PM,fair,Fair
1368,1368,2022-11-25,7:30 PM,fair,Fair
1369,1369,2022-11-26,8:00 PM,fair,Fair
1370,1370,2022-11-26,8:30 PM,fair,Fair
1371,1371,2022-11-26,9:00 PM,fair,Fair
1372,1372,2022-11-26,9:30 PM,fair,Fair
1373,1373,2022-11-26,10:00 PM,fair,Fair
1374,1374,2022-11-26,10:30 PM,fair,Fair
1375,1375,2022-11-26,10:50 PM,fair,Fair
1376,1376,2022-11-26,11:00 PM,fair,Fair
1377,1377,2022-11-26,11:20 PM,fair,Fair
1378,1378,2022-11-26,12:30 AM,fair,Fair
1379,1379,2022-11-26,12:50 AM,fair,Fair
1380,1380,2022-11-26,1:00 AM,fair,Fair
1381,1381,2022-11-26,1:20 AM,fair,Fair
1382,1382,2022-11-26,1:30 AM,fair,Fair
1383,1383,2022-11-26,1:50 AM,fair,Fair
1384,1384,2022-11-26,2:00 AM,fair,Fair
1385,1385,2022-11-26,2:20 AM,fair,Fair
1386,1386,2022-11-26,2:30 AM,fair,Fair
1387,1387,2022-11-26,2:50 AM,fair,Fair
1388,1388,2022-11-26,3:00 AM,fair,Fair
1389,1389,2022-11-26,3:20 AM,fair,Fair
1390,1390,2022-11-26,3:30 AM,fair,Fair
1391,1391,2022-11-26,3:50 AM,fair,Fair
1392,1392,2022-11-26,4:00 AM,fair,Fair
1393,1393,2022-11-26,4:20 AM,fair,Fair
1394,1394,2022-11-26,3:30 AM,fair,Fair
1395,1395,2022-11-26,4:00 AM,fair,Fair
1396,1396,2022-11-26,4:30 AM,fair,Fair
1397,1397,2022-11-26,5:00 AM,fair,Fair
1398,1398,2022-11-26,5:30 AM,fair,Fair
1399,1399,2022-11-26,6:00 AM,fair,Fair
1400,1400,2022-11-26,6:30 AM,fair,Fair
1401,1401,2022-11-26,7:00 AM,fair,Fair
1402,1402,2022-11-26,7:30 AM,fair,Fair
1403,1403,2022-11-26,8:00 AM,fair,Fair
1404,1404,2022-11-26,8:30 AM,fair,Fair
1405,1405,2022-11-26,9:00 AM,fair,Fair
1406,1406,2022-11-26,9:30 AM,fair,Fair
1407,1407,2022-11-26,10:00 AM,fair,Fair
1408,1408,2022-11-26,10:30 AM,fair,Fair
1409,1409,2022-11-26,11:00 AM,fair,Fair
1410,1410,2022-11-26,11:30 AM,fair,Fair
1411,1411,2022-11-26,12:00 PM,fair,Fair
1412,1412,2022-11-26,12:30 PM,fair,Fair
1413,1413,2022-11-26,1:00 PM,fair,Fair
1414,1414,2022-11-26,1:30 PM,fair,Fair
1415,1415,2022-11-26,2:00 PM,fair,Fair
1416,1416,2022-11-26,2:30 PM,fair,Fair
1417,1417,2022-11-26,3:00 PM,fair,Fair
1418,1418,2022-11-26,3:30 PM,fair,Fair
1419,1419,2022-11-26,4:00 PM,fair,Fair
1420,1420,2022-11-26,4:30 PM,fair,Fair
1421,1421,2022-11-26,5:00 PM,fair,Fair
1422,1422,2022-11-26,5:30 PM,fair,Fair
1423,1423,2022-11-26,6:00 PM,fair,Fair
1424,1424,2022-11-26,6:30 PM,fair,Fair
1425,1425,2022-11-26,7:00 PM,fair,Fair
1426,1426,2022-11-26,7:30 PM,fair,Fair
1427,1427,2022-11-27,8:00 PM,fair,Fair
1428,1428,2022-11-27,8:30 PM,fair,Fair
1429,1429,2022-11-27,9:00 PM,fair,Fair
1430,1430,2022-11-27,9:30 PM,fair,Fair
1431,1431,2022-11-27,10:00 PM,fair,Fair
1432,1432,2022-11-27,10:30 PM,fair,Fair
1433,1433,2022-11-27,11:00 PM,fair,Fair
1434,1434,2022-11-27,12:30 AM,fair,Fair
1435,1435,2022-11-27,1:00 AM,fair,Fair
1436,1436,2022-11-27,1:30 AM,fair,Fair
1437,1437,2022-11-27,2:00 AM,fair,Fair
1438,1438,2022-11-27,2:30 AM,fair,Fair
1439,1439,2022-11-27,2:55 AM,fair,Fair
1440,1440,2022-11-27,3:00 AM,fair,Fair
1441,1441,2022-11-27,3:30 AM,fair,Fair
1442,1442,2022-11-27,4:00 AM,fair,Fair
1443,1443,2022-11-27,3:30 AM,fair,Fair
1444,1444,2022-11-27,4:00 AM,fair,Fair
1445,1445,2022-11-27,4:30 AM,fair,Fair
1446,1446,2022-11-27,5:00 AM,fair,Fair
1447,1447,2022-11-27,5:30 AM,fair,Fair
1448,1448,2022-11-27,6:00 AM,fair,Fair
1449,1449,2022-11-27,6:30 AM,fair,Fair
1450,1450,2022-11-27,7:00 AM,fair,Fair
1451,1451,2022-11-27,7:30 AM,fair,Fair
1452,1452,2022-11-27,8:00 AM,fair,Fair
1453,1453,2022-11-27,8:30 AM,fair,Fair
1454,1454,2022-11-27,9:00 AM,fair,Fair
1455,1455,2022-11-27,9:30 AM,fair,Fair
1456,1456,2022-11-27,9:50 AM,fair,Fair
1457,1457,2022-11-27,10:00 AM,fair,Fair
1458,1458,2022-11-27,10:20 AM,fair,Fair
1459,1459,2022-11-27,10:30 AM,fair,Fair
1460,1460,2022-11-27,10:50 AM,fair,Fair
1461,1461,2022-11-27,11:00 AM,fair,Fair
1462,1462,2022-11-27,11:20 AM,fair,Fair
1463,1463,2022-11-27,11:30 AM,fair,Fair
1464,1464,2022-11-27,11:50 AM,fair,Fair
1465,1465,2022-11-27,12:00 PM,fair,Fair
1466,1466,2022-11-27,12:20 PM,fair,Fair
1467,1467,2022-11-27,12:30 PM,fair,Fair
1468,1468,2022-11-27,12:50 PM,fair,Fair
1469,1469,2022-11-27,1:00 PM,fair,Fair
1470,1470,2022-11-27,1:20 PM,fair,Fair
1471,1471,2022-11-27,1:30 PM,fair,Fair
1472,1472,2022-11-27,1:50 PM,fair,Fair
1473,1473,2022-11-27,2:00 PM,fair,Fair
1474,1474,2022-11-27,2:20 PM,fair,Fair
1475,1475,2022-11-27,2:30 PM,fair,Fair
1476,1476,2022-11-27,2:50 PM,fair,Fair
1477,1477,2022-11-27,3:00 PM,fair,Fair
1478,1478,2022-11-27,3:20 PM,fair,Fair
1479,1479,2022-11-27,3:30 PM,fair,Fair
1480,1480,2022-11-27,4:00 PM,fair,Fair
1481,1481,2022-11-27,4:30 PM,fair,Fair
1482,1482,2022-11-27,5:00 PM,fair,Fair
1483,1483,2022-11-27,5:30 PM,fair,Fair
1484,1484,2022-11-27,6:00 PM,fair,Fair
1485,1485,2022-11-27,6:30 PM,fair,Fair
1486,1486,2022-11-27,7:00 PM,fair,Fair
1487,1487,2022-11-27,7:30 PM,fair,Fair
1488,1488,2022-11-28,8:00 PM,fair,Fair
1489,1489,2022-11-28,8:30 PM,fair,Fair
1490,1490,2022-11-28,9:00 PM,fair,Fair
1491,1491,2022-11-28,9:30 PM,fair,Fair
1492,1492,2022-11-28,10:00 PM,fair,Fair
1493,1493,2022-11-28,10:30 PM,fair,Fair
1494,1494,2022-11-28,11:00 PM,fair,Fair
1495,1495,2022-11-28,12:30 AM,fair,Fair
1496,1496,2022-11-28,1:00 AM,fair,Fair
1497,1497,2022-11-28,1:30 AM,fair,Fair
1498,1498,2022-11-28,2:00 AM,fair,Fair
1499,1499,2022-11-28,2:30 AM,fair,Fair
1500,1500,2022-11-28,3:00 AM,fair,Fair
1501,1501,2022-11-28,3:30 AM,fair,Fair
1502,1502,2022-11-28,4:00 AM,mostly cloudy,Mostly Cloudy
1503,1503,2022-11-28,3:30 AM,partly cloudy,Partly Cloudy
1504,1504,2022-11-28,4:00 AM,mostly cloudy,Mostly Cloudy
1505,1505,2022-11-28,4:30 AM,partly cloudy,Partly Cloudy
1506,1506,2022-11-28,5:00 AM,mostly cloudy,Mostly Cloudy
1507,1507,2022-11-28,5:30 AM,fair,Fair
1508,1508,2022-11-28,6:00 AM,fair,Fair
1509,1509,2022-11-28,6:30 AM,fair,Fair
1510,1510,2022-11-28,7:00 AM,mostly cloudy,Mostly Cloudy
1511,1511,2022-11-28,7:30 AM,mostly cloudy,Mostly Cloudy
1512,1512,2022-11-28,8:00 AM,mostly cloudy,Mostly Cloudy
1513,1513,2022-11-28,8:30 AM,partly cloudy,Partly Cloudy
1514,1514,2022-11-28,9:00 AM,partly cloudy,Partly Cloudy
1515,1515,2022-11-28,9:30 AM,mostly cloudy,Mostly Cloudy
1516,1516,2022-11-28,9:55 AM,mostly cloudy,Mostly Cloudy
1517,1517,2022-11-28,10:00 AM,mostly cloudy,Mostly Cloudy
1518,1518,2022-11-28,10:30 AM,partly cloudy,Partly Cloudy
1519,1519,2022-11-28,10:55 AM,partly cloudy,Partly Cloudy
1520,1520,2022-11-28,11:00 AM,partly cloudy,Partly Cloudy
1521,1521,2022-11-28,11:30 AM,partly cloudy,Partly Cloudy
1522,1522,2022-11-28,12:00 PM,partly cloudy,Partly Cloudy
1523,1523,2022-11-28,12:30 PM,partly cloudy,Partly Cloudy
1524,1524,2022-11-28,12:55 PM,partly cloudy,Partly Cloudy
1525,1525,2022-11-28,1:00 PM,partly cloudy,Partly Cloudy
1526,1526,2022-11-28,1:30 PM,mostly cloudy,Mostly Cloudy
1527,1527,2022-11-28,1:55 PM,partly cloudy,Partly Cloudy
1528,1528,2022-11-28,2:00 PM,partly cloudy,Partly Cloudy
1529,1529,2022-11-28,2:30 PM,mostly cloudy,Mostly Cloudy
1530,1530,2022-11-28,3:00 PM,partly cloudy,Partly Cloudy
1531,1531,2022-11-28,3:30 PM,partly cloudy,Partly Cloudy
1532,1532,2022-11-28,4:00 PM,partly cloudy,Partly Cloudy
1533,1533,2022-11-28,4:30 PM,partly cloudy,Partly Cloudy
1534,1534,2022-11-28,5:00 PM,fair,Fair
1535,1535,2022-11-28,5:30 PM,fair,Fair
1536,1536,2022-11-28,6:00 PM,fair,Fair
1537,1537,2022-11-28,6:30 PM,fair,Fair
1538,1538,2022-11-28,7:00 PM,partly cloudy,Partly Cloudy
1539,1539,2022-11-28,7:30 PM,mostly cloudy,Mostly Cloudy
1540,1540,2022-11-29,8:00 PM,mostly cloudy,Mostly Cloudy
1541,1541,2022-11-29,8:30 PM,partly cloudy,Partly Cloudy
1542,1542,2022-11-29,9:00 PM,fair,Fair
1543,1543,2022-11-29,9:30 PM,fair,Fair
1544,1544,2022-11-29,10:00 PM,fair,Fair
1545,1545,2022-11-29,10:30 PM,fair,Fair
1546,1546,2022-11-29,11:00 PM,fair,Fair
1547,1547,2022-11-29,12:30 AM,fair,Fair
1548,1548,2022-11-29,1:00 AM,fair,Fair
1549,1549,2022-11-29,1:30 AM,fair,Fair
1550,1550,2022-11-29,2:00 AM,fair,Fair
1551,1551,2022-11-29,2:30 AM,fair,Fair
1552,1552,2022-11-29,3:00 AM,fair,Fair
1553,1553,2022-11-29,3:30 AM,fair,Fair
1554,1554,2022-11-29,4:00 AM,fair,Fair
1555,1555,2022-11-29,3:30 AM,fair,Fair
1556,1556,2022-11-29,4:00 AM,mostly cloudy,Mostly Cloudy
1557,1557,2022-11-29,4:20 AM,foggy,Fog
1558,1558,2022-11-29,4:30 AM,foggy,Fog
1559,1559,2022-11-29,5:00 AM,foggy,Haze
1560,1560,2022-11-29,5:30 AM,mostly cloudy,Mostly Cloudy
1561,1561,2022-11-29,6:00 AM,partly cloudy,Partly Cloudy
1562,1562,2022-11-29,6:30 AM,fair,Fair
1563,1563,2022-11-29,7:00 AM,fair,Fair
1564,1564,2022-11-29,7:30 AM,fair,Fair
1565,1565,2022-11-29,8:00 AM,fair,Fair
1566,1566,2022-11-29,8:30 AM,fair,Fair
1567,1567,2022-11-29,9:00 AM,fair,Fair
1568,1568,2022-11-29,9:30 AM,fair,Fair
1569,1569,2022-11-29,10:00 AM,fair,Fair
1570,1570,2022-11-29,10:30 AM,fair,Fair
1571,1571,2022-11-29,11:00 AM,fair,Fair
1572,1572,2022-11-29,11:30 AM,fair,Fair
1573,1573,2022-11-29,12:00 PM,fair,Fair
1574,1574,2022-11-29,12:30 PM,fair,Fair
1575,1575,2022-11-29,1:00 PM,fair,Fair
1576,1576,2022-11-29,1:30 PM,fair,Fair
1577,1577,2022-11-29,2:00 PM,fair,Fair
1578,1578,2022-11-29,2:30 PM,fair,Fair
1579,1579,2022-11-29,3:00 PM,fair,Fair
1580,1580,2022-11-29,3:30 PM,fair,Fair
1581,1581,2022-11-29,3:55 PM,fair,Fair
1582,1582,2022-11-29,4:00 PM,fair,Fair
1583,1583,2022-11-29,4:20 PM,fair,Fair
1584,1584,2022-11-29,4:30 PM,fair,Fair
1585,1585,2022-11-29,4:50 PM,fair,Fair
1586,1586,2022-11-29,5:00 PM,fair,Fair
1587,1587,2022-11-29,5:20 PM,fair,Fair
1588,1588,2022-11-29,5:30 PM,fair,Fair
1589,1589,2022-11-29,5:55 PM,fair,Fair
1590,1590,2022-11-29,6:00 PM,fair,Fair
1591,1591,2022-11-29,6:20 PM,fair,Fair
1592,1592,2022-11-29,6:30 PM,fair,Fair
1593,1593,2022-11-29,6:50 PM,fair,Fair
1594,1594,2022-11-29,7:00 PM,fair,Fair
1595,1595,2022-11-29,7:20 PM,fair,Fair
1596,1596,2022-11-29,7:30 PM,fair,Fair
1597,1597,2022-11-29,7:50 PM,fair,Fair
1598,1598,2022-11-30,8:00 PM,fair,Fair
1599,1599,2022-11-30,8:20 PM,fair,Fair
1600,1600,2022-11-30,8:30 PM,fair,Fair
1601,1601,2022-11-30,8:50 PM,fair,Fair
1602,1602,2022-11-30,9:00 PM,fair,Fair
1603,1603,2022-11-30,9:20 PM,fair,Fair
1604,1604,2022-11-30,9:30 PM,fair,Fair
1605,1605,2022-11-30,9:50 PM,fair,Fair
1606,1606,2022-11-30,10:00 PM,fair,Fair
1607,1607,2022-11-30,10:20 PM,fair,Fair
1608,1608,2022-11-30,10:30 PM,fair,Fair
1609,1609,2022-11-30,11:00 PM,fair,Fair
1610,1610,2022-11-30,12:30 AM,fair,Fair
1611,1611,2022-11-30,1:00 AM,fair,Fair
1612,1612,2022-11-30,1:30 AM,fair,Fair
1613,1613,2022-11-30,2:00 AM,fair,Fair
1614,1614,2022-11-30,2:30 AM,fair,Fair
1615,1615,2022-11-30,3:00 AM,fair,Fair
1616,1616,2022-11-30,3:30 AM,fair,Fair
1617,1617,2022-11-30,4:00 AM,fair,Fair
1618,1618,2022-11-30,3:30 AM,fair,Fair
1619,1619,2022-11-30,4:00 AM,fair,Fair
1620,1620,2022-11-30,4:30 AM,fair,Fair
1621,1621,2022-11-30,5:00 AM,fair,Fair
1622,1622,2022-11-30,5:30 AM,fair,Fair
1623,1623,2022-11-30,6:00 AM,fair,Fair
1624,1624,2022-11-30,6:30 AM,fair,Fair
1625,1625,2022-11-30,7:00 AM,fair,Fair
1626,1626,2022-11-30,7:30 AM,fair,Fair
1627,1627,2022-11-30,8:00 AM,fair,Fair
1628,1628,2022-11-30,8:30 AM,fair,Fair
1629,1629,2022-11-30,9:00 AM,fair,Fair
1630,1630,2022-11-30,9:30 AM,fair,Fair
1631,1631,2022-11-30,10:00 AM,fair,Fair
1632,1632,2022-11-30,10:30 AM,fair,Fair
1633,1633,2022-11-30,11:00 AM,fair,Fair
1634,1634,2022-11-30,11:30 AM,fair,Fair
1635,1635,2022-11-30,12:00 PM,fair,Fair
1636,1636,2022-11-30,12:30 PM,fair,Fair
1637,1637,2022-11-30,1:00 PM,fair,Fair
1638,1638,2022-11-30,1:30 PM,fair,Fair
1639,1639,2022-11-30,2:00 PM,fair,Fair
1640,1640,2022-11-30,2:30 PM,fair,Fair
1641,1641,2022-11-30,3:00 PM,fair,Fair
1642,1642,2022-11-30,3:30 PM,fair,Fair
1643,1643,2022-11-30,3:55 PM,fair,Fair
1644,1644,2022-11-30,4:00 PM,fair,Fair
1645,1645,2022-11-30,4:30 PM,fair,Fair
1646,1646,2022-11-30,4:55 PM,fair,Fair
1647,1647,2022-11-30,5:00 PM,fair,Fair
1648,1648,2022-11-30,5:30 PM,fair,Fair
1649,1649,2022-11-30,5:50 PM,fair,Fair
1650,1650,2022-11-30,6:00 PM,fair,Fair
1651,1651,2022-11-30,6:30 PM,fair,Fair
1652,1652,2022-11-30,6:55 PM,fair,Fair
1653,1653,2022-11-30,7:00 PM,fair,Fair
1654,1654,2022-11-30,7:30 PM,mostly cloudy,Mostly Cloudy
1655,1655,2022-11-30,7:55 PM,mostly cloudy,Mostly Cloudy
